ISO-10303-21;
HEADER;
/* Generated by software containing ST-Developer
 * from STEP Tools, Inc. (www.steptools.com) 
 */

FILE_DESCRIPTION(
/* description */ (''),
/* implementation_level */ '2;1');

FILE_NAME(
/* name */ 'finaly assembly with PCB.step',
/* time_stamp */ '2026-06-20T22:35:57+05:30',
/* author */ (''),
/* organization */ (''),
/* preprocessor_version */ 'ST-DEVELOPER v20.1',
/* originating_system */ 'Autodesk Translation Framework v15.8.0.0',
/* authorisation */ '');

FILE_SCHEMA (('AUTOMOTIVE_DESIGN { 1 0 10303 214 3 1 1 }'));
ENDSEC;

DATA;
#10=MECHANICAL_DESIGN_GEOMETRIC_PRESENTATION_REPRESENTATION('',(#19,#20,
#21),#4511);
#11=ELLIPSE('',#2906,1.41421356237309,1.);
#12=ELLIPSE('',#2907,1.4142135623731,1.);
#13=ELLIPSE('',#2909,1.41421356237309,1.);
#14=ELLIPSE('',#2911,1.4142135623731,1.);
#15=SHAPE_REPRESENTATION_RELATIONSHIP('SRR','None',#4574,#17);
#16=SHAPE_REPRESENTATION_RELATIONSHIP('SRR','None',#4562,#18);
#17=ADVANCED_BREP_SHAPE_REPRESENTATION('',(#22),#4510);
#18=ADVANCED_BREP_SHAPE_REPRESENTATION('',(#23,#24),#4498);
#19=STYLED_ITEM('',(#4632),#22);
#20=STYLED_ITEM('',(#4631),#23);
#21=STYLED_ITEM('',(#4631),#24);
#22=MANIFOLD_SOLID_BREP('Body1',#2514);
#23=MANIFOLD_SOLID_BREP('Body13',#2515);
#24=MANIFOLD_SOLID_BREP('Body15',#2516);
#25=CYLINDRICAL_SURFACE('',#2810,1.6);
#26=CYLINDRICAL_SURFACE('',#2811,0.4);
#27=CYLINDRICAL_SURFACE('',#2812,0.4);
#28=CYLINDRICAL_SURFACE('',#2813,0.4);
#29=CYLINDRICAL_SURFACE('',#2814,0.4);
#30=CYLINDRICAL_SURFACE('',#2815,0.4);
#31=CYLINDRICAL_SURFACE('',#2816,0.4);
#32=CYLINDRICAL_SURFACE('',#2817,0.4);
#33=CYLINDRICAL_SURFACE('',#2818,0.4);
#34=CYLINDRICAL_SURFACE('',#2819,0.85);
#35=CYLINDRICAL_SURFACE('',#2820,2.);
#36=CYLINDRICAL_SURFACE('',#2821,0.75);
#37=CYLINDRICAL_SURFACE('',#2822,0.4);
#38=CYLINDRICAL_SURFACE('',#2823,0.4);
#39=CYLINDRICAL_SURFACE('',#2824,1.6);
#40=CYLINDRICAL_SURFACE('',#2825,0.85);
#41=CYLINDRICAL_SURFACE('',#2826,0.75);
#42=CYLINDRICAL_SURFACE('',#2827,0.85);
#43=CYLINDRICAL_SURFACE('',#2828,0.75);
#44=CYLINDRICAL_SURFACE('',#2829,2.);
#45=CYLINDRICAL_SURFACE('',#2830,0.75);
#46=CYLINDRICAL_SURFACE('',#2831,0.85);
#47=CYLINDRICAL_SURFACE('',#2832,0.85);
#48=CYLINDRICAL_SURFACE('',#2833,2.);
#49=CYLINDRICAL_SURFACE('',#2834,0.75);
#50=CYLINDRICAL_SURFACE('',#2835,0.85);
#51=CYLINDRICAL_SURFACE('',#2836,0.75);
#52=CYLINDRICAL_SURFACE('',#2837,0.4);
#53=CYLINDRICAL_SURFACE('',#2838,0.4);
#54=CYLINDRICAL_SURFACE('',#2839,0.4);
#55=CYLINDRICAL_SURFACE('',#2840,0.4);
#56=CYLINDRICAL_SURFACE('',#2841,0.4);
#57=CYLINDRICAL_SURFACE('',#2842,0.4);
#58=CYLINDRICAL_SURFACE('',#2843,0.4);
#59=CYLINDRICAL_SURFACE('',#2844,0.4);
#60=CYLINDRICAL_SURFACE('',#2845,0.85);
#61=CYLINDRICAL_SURFACE('',#2846,2.);
#62=CYLINDRICAL_SURFACE('',#2847,0.75);
#63=CYLINDRICAL_SURFACE('',#2848,0.5);
#64=CYLINDRICAL_SURFACE('',#2849,0.5);
#65=CYLINDRICAL_SURFACE('',#2850,0.5);
#66=CYLINDRICAL_SURFACE('',#2851,0.5);
#67=CYLINDRICAL_SURFACE('',#2852,0.5);
#68=CYLINDRICAL_SURFACE('',#2853,0.5);
#69=CYLINDRICAL_SURFACE('',#2854,0.5);
#70=CYLINDRICAL_SURFACE('',#2855,0.5);
#71=CYLINDRICAL_SURFACE('',#2856,0.5);
#72=CYLINDRICAL_SURFACE('',#2857,0.5);
#73=CYLINDRICAL_SURFACE('',#2858,0.5);
#74=CYLINDRICAL_SURFACE('',#2859,0.5);
#75=CYLINDRICAL_SURFACE('',#2860,0.5);
#76=CYLINDRICAL_SURFACE('',#2861,0.5);
#77=CYLINDRICAL_SURFACE('',#2862,0.85);
#78=CYLINDRICAL_SURFACE('',#2863,2.);
#79=CYLINDRICAL_SURFACE('',#2864,0.75);
#80=CYLINDRICAL_SURFACE('',#2865,0.85);
#81=CYLINDRICAL_SURFACE('',#2866,0.75);
#82=CYLINDRICAL_SURFACE('',#2867,0.85);
#83=CYLINDRICAL_SURFACE('',#2868,0.75);
#84=CYLINDRICAL_SURFACE('',#2869,2.);
#85=CYLINDRICAL_SURFACE('',#2870,0.75);
#86=CYLINDRICAL_SURFACE('',#2871,0.85);
#87=CYLINDRICAL_SURFACE('',#2872,0.85);
#88=CYLINDRICAL_SURFACE('',#2873,2.);
#89=CYLINDRICAL_SURFACE('',#2874,0.75);
#90=CYLINDRICAL_SURFACE('',#2875,0.85);
#91=CYLINDRICAL_SURFACE('',#2876,0.75);
#92=CYLINDRICAL_SURFACE('',#2877,0.85);
#93=CYLINDRICAL_SURFACE('',#2878,0.75);
#94=CYLINDRICAL_SURFACE('',#2879,0.85);
#95=CYLINDRICAL_SURFACE('',#2880,2.);
#96=CYLINDRICAL_SURFACE('',#2881,0.75);
#97=CYLINDRICAL_SURFACE('',#2882,0.75);
#98=CYLINDRICAL_SURFACE('',#2883,0.85);
#99=CYLINDRICAL_SURFACE('',#2884,0.85);
#100=CYLINDRICAL_SURFACE('',#2885,2.);
#101=CYLINDRICAL_SURFACE('',#2886,0.85);
#102=CYLINDRICAL_SURFACE('',#2887,0.75);
#103=CYLINDRICAL_SURFACE('',#2888,0.75);
#104=CYLINDRICAL_SURFACE('',#2889,1.6);
#105=CYLINDRICAL_SURFACE('',#2905,1.);
#106=CYLINDRICAL_SURFACE('',#2908,1.);
#107=CYLINDRICAL_SURFACE('',#2910,1.);
#108=CYLINDRICAL_SURFACE('',#2912,1.);
#109=CYLINDRICAL_SURFACE('',#2913,2.6);
#110=CYLINDRICAL_SURFACE('',#2917,2.60000000000001);
#111=CYLINDRICAL_SURFACE('',#2921,3.5);
#112=CYLINDRICAL_SURFACE('',#2930,2.60000000000001);
#113=CYLINDRICAL_SURFACE('',#2934,3.);
#114=CYLINDRICAL_SURFACE('',#2938,3.);
#115=CYLINDRICAL_SURFACE('',#2942,3.);
#116=CYLINDRICAL_SURFACE('',#2944,3.);
#117=CYLINDRICAL_SURFACE('',#2946,3.);
#118=CYLINDRICAL_SURFACE('',#2948,3.);
#119=CYLINDRICAL_SURFACE('',#2955,2.6);
#120=FACE_BOUND('',#597,.T.);
#121=FACE_BOUND('',#598,.T.);
#122=FACE_BOUND('',#599,.T.);
#123=FACE_BOUND('',#600,.T.);
#124=FACE_BOUND('',#601,.T.);
#125=FACE_BOUND('',#602,.T.);
#126=FACE_BOUND('',#603,.T.);
#127=FACE_BOUND('',#604,.T.);
#128=FACE_BOUND('',#605,.T.);
#129=FACE_BOUND('',#606,.T.);
#130=FACE_BOUND('',#607,.T.);
#131=FACE_BOUND('',#608,.T.);
#132=FACE_BOUND('',#609,.T.);
#133=FACE_BOUND('',#610,.T.);
#134=FACE_BOUND('',#611,.T.);
#135=FACE_BOUND('',#612,.T.);
#136=FACE_BOUND('',#613,.T.);
#137=FACE_BOUND('',#614,.T.);
#138=FACE_BOUND('',#615,.T.);
#139=FACE_BOUND('',#616,.T.);
#140=FACE_BOUND('',#617,.T.);
#141=FACE_BOUND('',#618,.T.);
#142=FACE_BOUND('',#619,.T.);
#143=FACE_BOUND('',#620,.T.);
#144=FACE_BOUND('',#621,.T.);
#145=FACE_BOUND('',#622,.T.);
#146=FACE_BOUND('',#623,.T.);
#147=FACE_BOUND('',#624,.T.);
#148=FACE_BOUND('',#625,.T.);
#149=FACE_BOUND('',#626,.T.);
#150=FACE_BOUND('',#627,.T.);
#151=FACE_BOUND('',#628,.T.);
#152=FACE_BOUND('',#629,.T.);
#153=FACE_BOUND('',#630,.T.);
#154=FACE_BOUND('',#631,.T.);
#155=FACE_BOUND('',#632,.T.);
#156=FACE_BOUND('',#633,.T.);
#157=FACE_BOUND('',#634,.T.);
#158=FACE_BOUND('',#635,.T.);
#159=FACE_BOUND('',#636,.T.);
#160=FACE_BOUND('',#637,.T.);
#161=FACE_BOUND('',#638,.T.);
#162=FACE_BOUND('',#639,.T.);
#163=FACE_BOUND('',#640,.T.);
#164=FACE_BOUND('',#641,.T.);
#165=FACE_BOUND('',#642,.T.);
#166=FACE_BOUND('',#643,.T.);
#167=FACE_BOUND('',#644,.T.);
#168=FACE_BOUND('',#645,.T.);
#169=FACE_BOUND('',#646,.T.);
#170=FACE_BOUND('',#647,.T.);
#171=FACE_BOUND('',#648,.T.);
#172=FACE_BOUND('',#649,.T.);
#173=FACE_BOUND('',#650,.T.);
#174=FACE_BOUND('',#651,.T.);
#175=FACE_BOUND('',#652,.T.);
#176=FACE_BOUND('',#653,.T.);
#177=FACE_BOUND('',#654,.T.);
#178=FACE_BOUND('',#655,.T.);
#179=FACE_BOUND('',#656,.T.);
#180=FACE_BOUND('',#657,.T.);
#181=FACE_BOUND('',#658,.T.);
#182=FACE_BOUND('',#659,.T.);
#183=FACE_BOUND('',#660,.T.);
#184=FACE_BOUND('',#661,.T.);
#185=FACE_BOUND('',#662,.T.);
#186=FACE_BOUND('',#663,.T.);
#187=FACE_BOUND('',#664,.T.);
#188=FACE_BOUND('',#665,.T.);
#189=FACE_BOUND('',#666,.T.);
#190=FACE_BOUND('',#667,.T.);
#191=FACE_BOUND('',#668,.T.);
#192=FACE_BOUND('',#669,.T.);
#193=FACE_BOUND('',#670,.T.);
#194=FACE_BOUND('',#671,.T.);
#195=FACE_BOUND('',#672,.T.);
#196=FACE_BOUND('',#673,.T.);
#197=FACE_BOUND('',#674,.T.);
#198=FACE_BOUND('',#675,.T.);
#199=FACE_BOUND('',#676,.T.);
#200=FACE_BOUND('',#678,.T.);
#201=FACE_BOUND('',#679,.T.);
#202=FACE_BOUND('',#680,.T.);
#203=FACE_BOUND('',#681,.T.);
#204=FACE_BOUND('',#682,.T.);
#205=FACE_BOUND('',#683,.T.);
#206=FACE_BOUND('',#684,.T.);
#207=FACE_BOUND('',#685,.T.);
#208=FACE_BOUND('',#686,.T.);
#209=FACE_BOUND('',#687,.T.);
#210=FACE_BOUND('',#688,.T.);
#211=FACE_BOUND('',#689,.T.);
#212=FACE_BOUND('',#690,.T.);
#213=FACE_BOUND('',#691,.T.);
#214=FACE_BOUND('',#692,.T.);
#215=FACE_BOUND('',#693,.T.);
#216=FACE_BOUND('',#694,.T.);
#217=FACE_BOUND('',#695,.T.);
#218=FACE_BOUND('',#696,.T.);
#219=FACE_BOUND('',#697,.T.);
#220=FACE_BOUND('',#698,.T.);
#221=FACE_BOUND('',#699,.T.);
#222=FACE_BOUND('',#700,.T.);
#223=FACE_BOUND('',#701,.T.);
#224=FACE_BOUND('',#702,.T.);
#225=FACE_BOUND('',#703,.T.);
#226=FACE_BOUND('',#704,.T.);
#227=FACE_BOUND('',#705,.T.);
#228=FACE_BOUND('',#706,.T.);
#229=FACE_BOUND('',#707,.T.);
#230=FACE_BOUND('',#708,.T.);
#231=FACE_BOUND('',#709,.T.);
#232=FACE_BOUND('',#710,.T.);
#233=FACE_BOUND('',#711,.T.);
#234=FACE_BOUND('',#712,.T.);
#235=FACE_BOUND('',#713,.T.);
#236=FACE_BOUND('',#714,.T.);
#237=FACE_BOUND('',#715,.T.);
#238=FACE_BOUND('',#716,.T.);
#239=FACE_BOUND('',#717,.T.);
#240=FACE_BOUND('',#718,.T.);
#241=FACE_BOUND('',#719,.T.);
#242=FACE_BOUND('',#720,.T.);
#243=FACE_BOUND('',#721,.T.);
#244=FACE_BOUND('',#722,.T.);
#245=FACE_BOUND('',#723,.T.);
#246=FACE_BOUND('',#724,.T.);
#247=FACE_BOUND('',#725,.T.);
#248=FACE_BOUND('',#726,.T.);
#249=FACE_BOUND('',#727,.T.);
#250=FACE_BOUND('',#728,.T.);
#251=FACE_BOUND('',#729,.T.);
#252=FACE_BOUND('',#730,.T.);
#253=FACE_BOUND('',#731,.T.);
#254=FACE_BOUND('',#732,.T.);
#255=FACE_BOUND('',#733,.T.);
#256=FACE_BOUND('',#734,.T.);
#257=FACE_BOUND('',#735,.T.);
#258=FACE_BOUND('',#736,.T.);
#259=FACE_BOUND('',#737,.T.);
#260=FACE_BOUND('',#738,.T.);
#261=FACE_BOUND('',#739,.T.);
#262=FACE_BOUND('',#740,.T.);
#263=FACE_BOUND('',#741,.T.);
#264=FACE_BOUND('',#742,.T.);
#265=FACE_BOUND('',#743,.T.);
#266=FACE_BOUND('',#744,.T.);
#267=FACE_BOUND('',#745,.T.);
#268=FACE_BOUND('',#746,.T.);
#269=FACE_BOUND('',#747,.T.);
#270=FACE_BOUND('',#748,.T.);
#271=FACE_BOUND('',#749,.T.);
#272=FACE_BOUND('',#750,.T.);
#273=FACE_BOUND('',#751,.T.);
#274=FACE_BOUND('',#752,.T.);
#275=FACE_BOUND('',#753,.T.);
#276=FACE_BOUND('',#754,.T.);
#277=FACE_BOUND('',#755,.T.);
#278=FACE_BOUND('',#756,.T.);
#279=FACE_BOUND('',#757,.T.);
#280=FACE_BOUND('',#842,.T.);
#281=FACE_BOUND('',#853,.T.);
#282=FACE_BOUND('',#859,.T.);
#283=FACE_BOUND('',#862,.T.);
#284=FACE_BOUND('',#865,.T.);
#285=FACE_BOUND('',#874,.T.);
#286=FACE_BOUND('',#878,.T.);
#287=FACE_BOUND('',#879,.T.);
#288=FACE_BOUND('',#880,.T.);
#289=CIRCLE('',#2646,1.6);
#290=CIRCLE('',#2647,0.4);
#291=CIRCLE('',#2648,0.4);
#292=CIRCLE('',#2649,0.4);
#293=CIRCLE('',#2650,0.4);
#294=CIRCLE('',#2651,0.4);
#295=CIRCLE('',#2652,0.4);
#296=CIRCLE('',#2653,0.4);
#297=CIRCLE('',#2654,0.4);
#298=CIRCLE('',#2655,0.85);
#299=CIRCLE('',#2656,2.);
#300=CIRCLE('',#2657,0.75);
#301=CIRCLE('',#2658,0.4);
#302=CIRCLE('',#2659,0.4);
#303=CIRCLE('',#2660,1.6);
#304=CIRCLE('',#2661,0.85);
#305=CIRCLE('',#2662,0.75);
#306=CIRCLE('',#2663,0.85);
#307=CIRCLE('',#2664,0.75);
#308=CIRCLE('',#2665,2.);
#309=CIRCLE('',#2666,0.75);
#310=CIRCLE('',#2667,0.85);
#311=CIRCLE('',#2668,0.85);
#312=CIRCLE('',#2669,2.);
#313=CIRCLE('',#2670,0.75);
#314=CIRCLE('',#2671,0.85);
#315=CIRCLE('',#2672,0.75);
#316=CIRCLE('',#2673,0.4);
#317=CIRCLE('',#2674,0.4);
#318=CIRCLE('',#2675,0.4);
#319=CIRCLE('',#2676,0.4);
#320=CIRCLE('',#2677,0.4);
#321=CIRCLE('',#2678,0.4);
#322=CIRCLE('',#2679,0.4);
#323=CIRCLE('',#2680,0.4);
#324=CIRCLE('',#2681,0.85);
#325=CIRCLE('',#2682,2.);
#326=CIRCLE('',#2683,0.75);
#327=CIRCLE('',#2684,0.5);
#328=CIRCLE('',#2685,0.5);
#329=CIRCLE('',#2686,0.5);
#330=CIRCLE('',#2687,0.5);
#331=CIRCLE('',#2688,0.5);
#332=CIRCLE('',#2689,0.5);
#333=CIRCLE('',#2690,0.5);
#334=CIRCLE('',#2691,0.5);
#335=CIRCLE('',#2692,0.5);
#336=CIRCLE('',#2693,0.5);
#337=CIRCLE('',#2694,0.5);
#338=CIRCLE('',#2695,0.5);
#339=CIRCLE('',#2696,0.5);
#340=CIRCLE('',#2697,0.5);
#341=CIRCLE('',#2698,0.85);
#342=CIRCLE('',#2699,2.);
#343=CIRCLE('',#2700,0.75);
#344=CIRCLE('',#2701,0.85);
#345=CIRCLE('',#2702,0.75);
#346=CIRCLE('',#2703,0.85);
#347=CIRCLE('',#2704,0.75);
#348=CIRCLE('',#2705,2.);
#349=CIRCLE('',#2706,0.75);
#350=CIRCLE('',#2707,0.85);
#351=CIRCLE('',#2708,0.85);
#352=CIRCLE('',#2709,2.);
#353=CIRCLE('',#2710,0.75);
#354=CIRCLE('',#2711,0.85);
#355=CIRCLE('',#2712,0.75);
#356=CIRCLE('',#2713,0.85);
#357=CIRCLE('',#2714,0.75);
#358=CIRCLE('',#2715,0.85);
#359=CIRCLE('',#2716,2.);
#360=CIRCLE('',#2717,0.75);
#361=CIRCLE('',#2718,0.75);
#362=CIRCLE('',#2719,0.85);
#363=CIRCLE('',#2720,0.85);
#364=CIRCLE('',#2721,2.);
#365=CIRCLE('',#2722,0.85);
#366=CIRCLE('',#2723,0.75);
#367=CIRCLE('',#2724,0.75);
#368=CIRCLE('',#2725,1.6);
#369=CIRCLE('',#2727,1.6);
#370=CIRCLE('',#2728,0.4);
#371=CIRCLE('',#2729,0.4);
#372=CIRCLE('',#2730,0.4);
#373=CIRCLE('',#2731,0.4);
#374=CIRCLE('',#2732,0.4);
#375=CIRCLE('',#2733,0.4);
#376=CIRCLE('',#2734,0.4);
#377=CIRCLE('',#2735,0.4);
#378=CIRCLE('',#2736,0.85);
#379=CIRCLE('',#2737,2.);
#380=CIRCLE('',#2738,0.75);
#381=CIRCLE('',#2739,0.4);
#382=CIRCLE('',#2740,0.4);
#383=CIRCLE('',#2741,1.6);
#384=CIRCLE('',#2742,0.85);
#385=CIRCLE('',#2743,0.75);
#386=CIRCLE('',#2744,0.85);
#387=CIRCLE('',#2745,0.75);
#388=CIRCLE('',#2746,2.);
#389=CIRCLE('',#2747,0.75);
#390=CIRCLE('',#2748,0.85);
#391=CIRCLE('',#2749,0.85);
#392=CIRCLE('',#2750,2.);
#393=CIRCLE('',#2751,0.75);
#394=CIRCLE('',#2752,0.85);
#395=CIRCLE('',#2753,0.75);
#396=CIRCLE('',#2754,0.4);
#397=CIRCLE('',#2755,0.4);
#398=CIRCLE('',#2756,0.4);
#399=CIRCLE('',#2757,0.4);
#400=CIRCLE('',#2758,0.4);
#401=CIRCLE('',#2759,0.4);
#402=CIRCLE('',#2760,0.4);
#403=CIRCLE('',#2761,0.4);
#404=CIRCLE('',#2762,0.85);
#405=CIRCLE('',#2763,2.);
#406=CIRCLE('',#2764,0.75);
#407=CIRCLE('',#2765,0.5);
#408=CIRCLE('',#2766,0.5);
#409=CIRCLE('',#2767,0.5);
#410=CIRCLE('',#2768,0.5);
#411=CIRCLE('',#2769,0.5);
#412=CIRCLE('',#2770,0.5);
#413=CIRCLE('',#2771,0.5);
#414=CIRCLE('',#2772,0.5);
#415=CIRCLE('',#2773,0.5);
#416=CIRCLE('',#2774,0.5);
#417=CIRCLE('',#2775,0.5);
#418=CIRCLE('',#2776,0.5);
#419=CIRCLE('',#2777,0.5);
#420=CIRCLE('',#2778,0.5);
#421=CIRCLE('',#2779,0.85);
#422=CIRCLE('',#2780,2.);
#423=CIRCLE('',#2781,0.75);
#424=CIRCLE('',#2782,0.85);
#425=CIRCLE('',#2783,0.75);
#426=CIRCLE('',#2784,0.85);
#427=CIRCLE('',#2785,0.75);
#428=CIRCLE('',#2786,2.);
#429=CIRCLE('',#2787,0.75);
#430=CIRCLE('',#2788,0.85);
#431=CIRCLE('',#2789,0.85);
#432=CIRCLE('',#2790,2.);
#433=CIRCLE('',#2791,0.75);
#434=CIRCLE('',#2792,0.85);
#435=CIRCLE('',#2793,0.75);
#436=CIRCLE('',#2794,0.85);
#437=CIRCLE('',#2795,0.75);
#438=CIRCLE('',#2796,0.85);
#439=CIRCLE('',#2797,2.);
#440=CIRCLE('',#2798,0.75);
#441=CIRCLE('',#2799,0.75);
#442=CIRCLE('',#2800,0.85);
#443=CIRCLE('',#2801,0.85);
#444=CIRCLE('',#2802,2.);
#445=CIRCLE('',#2803,0.85);
#446=CIRCLE('',#2804,0.75);
#447=CIRCLE('',#2805,0.75);
#448=CIRCLE('',#2806,1.6);
#449=CIRCLE('',#2901,3.);
#450=CIRCLE('',#2902,3.);
#451=CIRCLE('',#2903,3.);
#452=CIRCLE('',#2904,3.);
#453=CIRCLE('',#2914,2.6);
#454=CIRCLE('',#2915,2.6);
#455=CIRCLE('',#2918,2.60000000000001);
#456=CIRCLE('',#2919,2.60000000000001);
#457=CIRCLE('',#2922,3.5);
#458=CIRCLE('',#2923,3.5);
#459=CIRCLE('',#2926,3.);
#460=CIRCLE('',#2927,3.);
#461=CIRCLE('',#2928,3.);
#462=CIRCLE('',#2929,3.);
#463=CIRCLE('',#2931,2.60000000000001);
#464=CIRCLE('',#2932,2.60000000000001);
#465=CIRCLE('',#2935,3.);
#466=CIRCLE('',#2936,3.);
#467=CIRCLE('',#2939,3.);
#468=CIRCLE('',#2940,3.);
#469=CIRCLE('',#2956,2.6);
#470=CIRCLE('',#2957,2.6);
#471=FACE_OUTER_BOUND('',#593,.T.);
#472=FACE_OUTER_BOUND('',#594,.T.);
#473=FACE_OUTER_BOUND('',#595,.T.);
#474=FACE_OUTER_BOUND('',#596,.T.);
#475=FACE_OUTER_BOUND('',#677,.T.);
#476=FACE_OUTER_BOUND('',#758,.T.);
#477=FACE_OUTER_BOUND('',#759,.T.);
#478=FACE_OUTER_BOUND('',#760,.T.);
#479=FACE_OUTER_BOUND('',#761,.T.);
#480=FACE_OUTER_BOUND('',#762,.T.);
#481=FACE_OUTER_BOUND('',#763,.T.);
#482=FACE_OUTER_BOUND('',#764,.T.);
#483=FACE_OUTER_BOUND('',#765,.T.);
#484=FACE_OUTER_BOUND('',#766,.T.);
#485=FACE_OUTER_BOUND('',#767,.T.);
#486=FACE_OUTER_BOUND('',#768,.T.);
#487=FACE_OUTER_BOUND('',#769,.T.);
#488=FACE_OUTER_BOUND('',#770,.T.);
#489=FACE_OUTER_BOUND('',#771,.T.);
#490=FACE_OUTER_BOUND('',#772,.T.);
#491=FACE_OUTER_BOUND('',#773,.T.);
#492=FACE_OUTER_BOUND('',#774,.T.);
#493=FACE_OUTER_BOUND('',#775,.T.);
#494=FACE_OUTER_BOUND('',#776,.T.);
#495=FACE_OUTER_BOUND('',#777,.T.);
#496=FACE_OUTER_BOUND('',#778,.T.);
#497=FACE_OUTER_BOUND('',#779,.T.);
#498=FACE_OUTER_BOUND('',#780,.T.);
#499=FACE_OUTER_BOUND('',#781,.T.);
#500=FACE_OUTER_BOUND('',#782,.T.);
#501=FACE_OUTER_BOUND('',#783,.T.);
#502=FACE_OUTER_BOUND('',#784,.T.);
#503=FACE_OUTER_BOUND('',#785,.T.);
#504=FACE_OUTER_BOUND('',#786,.T.);
#505=FACE_OUTER_BOUND('',#787,.T.);
#506=FACE_OUTER_BOUND('',#788,.T.);
#507=FACE_OUTER_BOUND('',#789,.T.);
#508=FACE_OUTER_BOUND('',#790,.T.);
#509=FACE_OUTER_BOUND('',#791,.T.);
#510=FACE_OUTER_BOUND('',#792,.T.);
#511=FACE_OUTER_BOUND('',#793,.T.);
#512=FACE_OUTER_BOUND('',#794,.T.);
#513=FACE_OUTER_BOUND('',#795,.T.);
#514=FACE_OUTER_BOUND('',#796,.T.);
#515=FACE_OUTER_BOUND('',#797,.T.);
#516=FACE_OUTER_BOUND('',#798,.T.);
#517=FACE_OUTER_BOUND('',#799,.T.);
#518=FACE_OUTER_BOUND('',#800,.T.);
#519=FACE_OUTER_BOUND('',#801,.T.);
#520=FACE_OUTER_BOUND('',#802,.T.);
#521=FACE_OUTER_BOUND('',#803,.T.);
#522=FACE_OUTER_BOUND('',#804,.T.);
#523=FACE_OUTER_BOUND('',#805,.T.);
#524=FACE_OUTER_BOUND('',#806,.T.);
#525=FACE_OUTER_BOUND('',#807,.T.);
#526=FACE_OUTER_BOUND('',#808,.T.);
#527=FACE_OUTER_BOUND('',#809,.T.);
#528=FACE_OUTER_BOUND('',#810,.T.);
#529=FACE_OUTER_BOUND('',#811,.T.);
#530=FACE_OUTER_BOUND('',#812,.T.);
#531=FACE_OUTER_BOUND('',#813,.T.);
#532=FACE_OUTER_BOUND('',#814,.T.);
#533=FACE_OUTER_BOUND('',#815,.T.);
#534=FACE_OUTER_BOUND('',#816,.T.);
#535=FACE_OUTER_BOUND('',#817,.T.);
#536=FACE_OUTER_BOUND('',#818,.T.);
#537=FACE_OUTER_BOUND('',#819,.T.);
#538=FACE_OUTER_BOUND('',#820,.T.);
#539=FACE_OUTER_BOUND('',#821,.T.);
#540=FACE_OUTER_BOUND('',#822,.T.);
#541=FACE_OUTER_BOUND('',#823,.T.);
#542=FACE_OUTER_BOUND('',#824,.T.);
#543=FACE_OUTER_BOUND('',#825,.T.);
#544=FACE_OUTER_BOUND('',#826,.T.);
#545=FACE_OUTER_BOUND('',#827,.T.);
#546=FACE_OUTER_BOUND('',#828,.T.);
#547=FACE_OUTER_BOUND('',#829,.T.);
#548=FACE_OUTER_BOUND('',#830,.T.);
#549=FACE_OUTER_BOUND('',#831,.T.);
#550=FACE_OUTER_BOUND('',#832,.T.);
#551=FACE_OUTER_BOUND('',#833,.T.);
#552=FACE_OUTER_BOUND('',#834,.T.);
#553=FACE_OUTER_BOUND('',#835,.T.);
#554=FACE_OUTER_BOUND('',#836,.T.);
#555=FACE_OUTER_BOUND('',#837,.T.);
#556=FACE_OUTER_BOUND('',#838,.T.);
#557=FACE_OUTER_BOUND('',#839,.T.);
#558=FACE_OUTER_BOUND('',#840,.T.);
#559=FACE_OUTER_BOUND('',#841,.T.);
#560=FACE_OUTER_BOUND('',#843,.T.);
#561=FACE_OUTER_BOUND('',#844,.T.);
#562=FACE_OUTER_BOUND('',#845,.T.);
#563=FACE_OUTER_BOUND('',#846,.T.);
#564=FACE_OUTER_BOUND('',#847,.T.);
#565=FACE_OUTER_BOUND('',#848,.T.);
#566=FACE_OUTER_BOUND('',#849,.T.);
#567=FACE_OUTER_BOUND('',#850,.T.);
#568=FACE_OUTER_BOUND('',#851,.T.);
#569=FACE_OUTER_BOUND('',#852,.T.);
#570=FACE_OUTER_BOUND('',#854,.T.);
#571=FACE_OUTER_BOUND('',#855,.T.);
#572=FACE_OUTER_BOUND('',#856,.T.);
#573=FACE_OUTER_BOUND('',#857,.T.);
#574=FACE_OUTER_BOUND('',#858,.T.);
#575=FACE_OUTER_BOUND('',#860,.T.);
#576=FACE_OUTER_BOUND('',#861,.T.);
#577=FACE_OUTER_BOUND('',#863,.T.);
#578=FACE_OUTER_BOUND('',#864,.T.);
#579=FACE_OUTER_BOUND('',#866,.T.);
#580=FACE_OUTER_BOUND('',#867,.T.);
#581=FACE_OUTER_BOUND('',#868,.T.);
#582=FACE_OUTER_BOUND('',#869,.T.);
#583=FACE_OUTER_BOUND('',#870,.T.);
#584=FACE_OUTER_BOUND('',#871,.T.);
#585=FACE_OUTER_BOUND('',#872,.T.);
#586=FACE_OUTER_BOUND('',#873,.T.);
#587=FACE_OUTER_BOUND('',#875,.T.);
#588=FACE_OUTER_BOUND('',#876,.T.);
#589=FACE_OUTER_BOUND('',#877,.T.);
#590=FACE_OUTER_BOUND('',#881,.T.);
#591=FACE_OUTER_BOUND('',#882,.T.);
#592=FACE_OUTER_BOUND('',#883,.T.);
#593=EDGE_LOOP('',(#1711,#1712,#1713,#1714));
#594=EDGE_LOOP('',(#1715,#1716,#1717,#1718));
#595=EDGE_LOOP('',(#1719,#1720,#1721,#1722));
#596=EDGE_LOOP('',(#1723,#1724,#1725,#1726,#1727,#1728));
#597=EDGE_LOOP('',(#1729));
#598=EDGE_LOOP('',(#1730));
#599=EDGE_LOOP('',(#1731));
#600=EDGE_LOOP('',(#1732));
#601=EDGE_LOOP('',(#1733));
#602=EDGE_LOOP('',(#1734));
#603=EDGE_LOOP('',(#1735));
#604=EDGE_LOOP('',(#1736));
#605=EDGE_LOOP('',(#1737));
#606=EDGE_LOOP('',(#1738));
#607=EDGE_LOOP('',(#1739));
#608=EDGE_LOOP('',(#1740));
#609=EDGE_LOOP('',(#1741));
#610=EDGE_LOOP('',(#1742));
#611=EDGE_LOOP('',(#1743));
#612=EDGE_LOOP('',(#1744));
#613=EDGE_LOOP('',(#1745));
#614=EDGE_LOOP('',(#1746));
#615=EDGE_LOOP('',(#1747));
#616=EDGE_LOOP('',(#1748));
#617=EDGE_LOOP('',(#1749));
#618=EDGE_LOOP('',(#1750));
#619=EDGE_LOOP('',(#1751));
#620=EDGE_LOOP('',(#1752));
#621=EDGE_LOOP('',(#1753));
#622=EDGE_LOOP('',(#1754));
#623=EDGE_LOOP('',(#1755));
#624=EDGE_LOOP('',(#1756));
#625=EDGE_LOOP('',(#1757));
#626=EDGE_LOOP('',(#1758));
#627=EDGE_LOOP('',(#1759));
#628=EDGE_LOOP('',(#1760));
#629=EDGE_LOOP('',(#1761));
#630=EDGE_LOOP('',(#1762));
#631=EDGE_LOOP('',(#1763));
#632=EDGE_LOOP('',(#1764));
#633=EDGE_LOOP('',(#1765));
#634=EDGE_LOOP('',(#1766));
#635=EDGE_LOOP('',(#1767));
#636=EDGE_LOOP('',(#1768));
#637=EDGE_LOOP('',(#1769));
#638=EDGE_LOOP('',(#1770));
#639=EDGE_LOOP('',(#1771));
#640=EDGE_LOOP('',(#1772));
#641=EDGE_LOOP('',(#1773));
#642=EDGE_LOOP('',(#1774));
#643=EDGE_LOOP('',(#1775));
#644=EDGE_LOOP('',(#1776));
#645=EDGE_LOOP('',(#1777));
#646=EDGE_LOOP('',(#1778));
#647=EDGE_LOOP('',(#1779));
#648=EDGE_LOOP('',(#1780));
#649=EDGE_LOOP('',(#1781));
#650=EDGE_LOOP('',(#1782));
#651=EDGE_LOOP('',(#1783));
#652=EDGE_LOOP('',(#1784));
#653=EDGE_LOOP('',(#1785));
#654=EDGE_LOOP('',(#1786));
#655=EDGE_LOOP('',(#1787));
#656=EDGE_LOOP('',(#1788));
#657=EDGE_LOOP('',(#1789));
#658=EDGE_LOOP('',(#1790));
#659=EDGE_LOOP('',(#1791));
#660=EDGE_LOOP('',(#1792));
#661=EDGE_LOOP('',(#1793));
#662=EDGE_LOOP('',(#1794));
#663=EDGE_LOOP('',(#1795));
#664=EDGE_LOOP('',(#1796));
#665=EDGE_LOOP('',(#1797));
#666=EDGE_LOOP('',(#1798));
#667=EDGE_LOOP('',(#1799));
#668=EDGE_LOOP('',(#1800));
#669=EDGE_LOOP('',(#1801));
#670=EDGE_LOOP('',(#1802));
#671=EDGE_LOOP('',(#1803));
#672=EDGE_LOOP('',(#1804));
#673=EDGE_LOOP('',(#1805));
#674=EDGE_LOOP('',(#1806));
#675=EDGE_LOOP('',(#1807));
#676=EDGE_LOOP('',(#1808));
#677=EDGE_LOOP('',(#1809,#1810,#1811,#1812,#1813,#1814));
#678=EDGE_LOOP('',(#1815));
#679=EDGE_LOOP('',(#1816));
#680=EDGE_LOOP('',(#1817));
#681=EDGE_LOOP('',(#1818));
#682=EDGE_LOOP('',(#1819));
#683=EDGE_LOOP('',(#1820));
#684=EDGE_LOOP('',(#1821));
#685=EDGE_LOOP('',(#1822));
#686=EDGE_LOOP('',(#1823));
#687=EDGE_LOOP('',(#1824));
#688=EDGE_LOOP('',(#1825));
#689=EDGE_LOOP('',(#1826));
#690=EDGE_LOOP('',(#1827));
#691=EDGE_LOOP('',(#1828));
#692=EDGE_LOOP('',(#1829));
#693=EDGE_LOOP('',(#1830));
#694=EDGE_LOOP('',(#1831));
#695=EDGE_LOOP('',(#1832));
#696=EDGE_LOOP('',(#1833));
#697=EDGE_LOOP('',(#1834));
#698=EDGE_LOOP('',(#1835));
#699=EDGE_LOOP('',(#1836));
#700=EDGE_LOOP('',(#1837));
#701=EDGE_LOOP('',(#1838));
#702=EDGE_LOOP('',(#1839));
#703=EDGE_LOOP('',(#1840));
#704=EDGE_LOOP('',(#1841));
#705=EDGE_LOOP('',(#1842));
#706=EDGE_LOOP('',(#1843));
#707=EDGE_LOOP('',(#1844));
#708=EDGE_LOOP('',(#1845));
#709=EDGE_LOOP('',(#1846));
#710=EDGE_LOOP('',(#1847));
#711=EDGE_LOOP('',(#1848));
#712=EDGE_LOOP('',(#1849));
#713=EDGE_LOOP('',(#1850));
#714=EDGE_LOOP('',(#1851));
#715=EDGE_LOOP('',(#1852));
#716=EDGE_LOOP('',(#1853));
#717=EDGE_LOOP('',(#1854));
#718=EDGE_LOOP('',(#1855));
#719=EDGE_LOOP('',(#1856));
#720=EDGE_LOOP('',(#1857));
#721=EDGE_LOOP('',(#1858));
#722=EDGE_LOOP('',(#1859));
#723=EDGE_LOOP('',(#1860));
#724=EDGE_LOOP('',(#1861));
#725=EDGE_LOOP('',(#1862));
#726=EDGE_LOOP('',(#1863));
#727=EDGE_LOOP('',(#1864));
#728=EDGE_LOOP('',(#1865));
#729=EDGE_LOOP('',(#1866));
#730=EDGE_LOOP('',(#1867));
#731=EDGE_LOOP('',(#1868));
#732=EDGE_LOOP('',(#1869));
#733=EDGE_LOOP('',(#1870));
#734=EDGE_LOOP('',(#1871));
#735=EDGE_LOOP('',(#1872));
#736=EDGE_LOOP('',(#1873));
#737=EDGE_LOOP('',(#1874));
#738=EDGE_LOOP('',(#1875));
#739=EDGE_LOOP('',(#1876));
#740=EDGE_LOOP('',(#1877));
#741=EDGE_LOOP('',(#1878));
#742=EDGE_LOOP('',(#1879));
#743=EDGE_LOOP('',(#1880));
#744=EDGE_LOOP('',(#1881));
#745=EDGE_LOOP('',(#1882));
#746=EDGE_LOOP('',(#1883));
#747=EDGE_LOOP('',(#1884));
#748=EDGE_LOOP('',(#1885));
#749=EDGE_LOOP('',(#1886));
#750=EDGE_LOOP('',(#1887));
#751=EDGE_LOOP('',(#1888));
#752=EDGE_LOOP('',(#1889));
#753=EDGE_LOOP('',(#1890));
#754=EDGE_LOOP('',(#1891));
#755=EDGE_LOOP('',(#1892));
#756=EDGE_LOOP('',(#1893));
#757=EDGE_LOOP('',(#1894));
#758=EDGE_LOOP('',(#1895,#1896,#1897,#1898));
#759=EDGE_LOOP('',(#1899,#1900,#1901,#1902));
#760=EDGE_LOOP('',(#1903,#1904,#1905,#1906));
#761=EDGE_LOOP('',(#1907,#1908,#1909,#1910));
#762=EDGE_LOOP('',(#1911,#1912,#1913,#1914));
#763=EDGE_LOOP('',(#1915,#1916,#1917,#1918));
#764=EDGE_LOOP('',(#1919,#1920,#1921,#1922));
#765=EDGE_LOOP('',(#1923,#1924,#1925,#1926));
#766=EDGE_LOOP('',(#1927,#1928,#1929,#1930));
#767=EDGE_LOOP('',(#1931,#1932,#1933,#1934));
#768=EDGE_LOOP('',(#1935,#1936,#1937,#1938));
#769=EDGE_LOOP('',(#1939,#1940,#1941,#1942));
#770=EDGE_LOOP('',(#1943,#1944,#1945,#1946));
#771=EDGE_LOOP('',(#1947,#1948,#1949,#1950));
#772=EDGE_LOOP('',(#1951,#1952,#1953,#1954));
#773=EDGE_LOOP('',(#1955,#1956,#1957,#1958));
#774=EDGE_LOOP('',(#1959,#1960,#1961,#1962));
#775=EDGE_LOOP('',(#1963,#1964,#1965,#1966));
#776=EDGE_LOOP('',(#1967,#1968,#1969,#1970));
#777=EDGE_LOOP('',(#1971,#1972,#1973,#1974));
#778=EDGE_LOOP('',(#1975,#1976,#1977,#1978));
#779=EDGE_LOOP('',(#1979,#1980,#1981,#1982));
#780=EDGE_LOOP('',(#1983,#1984,#1985,#1986));
#781=EDGE_LOOP('',(#1987,#1988,#1989,#1990));
#782=EDGE_LOOP('',(#1991,#1992,#1993,#1994));
#783=EDGE_LOOP('',(#1995,#1996,#1997,#1998));
#784=EDGE_LOOP('',(#1999,#2000,#2001,#2002));
#785=EDGE_LOOP('',(#2003,#2004,#2005,#2006));
#786=EDGE_LOOP('',(#2007,#2008,#2009,#2010));
#787=EDGE_LOOP('',(#2011,#2012,#2013,#2014));
#788=EDGE_LOOP('',(#2015,#2016,#2017,#2018));
#789=EDGE_LOOP('',(#2019,#2020,#2021,#2022));
#790=EDGE_LOOP('',(#2023,#2024,#2025,#2026));
#791=EDGE_LOOP('',(#2027,#2028,#2029,#2030));
#792=EDGE_LOOP('',(#2031,#2032,#2033,#2034));
#793=EDGE_LOOP('',(#2035,#2036,#2037,#2038));
#794=EDGE_LOOP('',(#2039,#2040,#2041,#2042));
#795=EDGE_LOOP('',(#2043,#2044,#2045,#2046));
#796=EDGE_LOOP('',(#2047,#2048,#2049,#2050));
#797=EDGE_LOOP('',(#2051,#2052,#2053,#2054));
#798=EDGE_LOOP('',(#2055,#2056,#2057,#2058));
#799=EDGE_LOOP('',(#2059,#2060,#2061,#2062));
#800=EDGE_LOOP('',(#2063,#2064,#2065,#2066));
#801=EDGE_LOOP('',(#2067,#2068,#2069,#2070));
#802=EDGE_LOOP('',(#2071,#2072,#2073,#2074));
#803=EDGE_LOOP('',(#2075,#2076,#2077,#2078));
#804=EDGE_LOOP('',(#2079,#2080,#2081,#2082));
#805=EDGE_LOOP('',(#2083,#2084,#2085,#2086));
#806=EDGE_LOOP('',(#2087,#2088,#2089,#2090));
#807=EDGE_LOOP('',(#2091,#2092,#2093,#2094));
#808=EDGE_LOOP('',(#2095,#2096,#2097,#2098));
#809=EDGE_LOOP('',(#2099,#2100,#2101,#2102));
#810=EDGE_LOOP('',(#2103,#2104,#2105,#2106));
#811=EDGE_LOOP('',(#2107,#2108,#2109,#2110));
#812=EDGE_LOOP('',(#2111,#2112,#2113,#2114));
#813=EDGE_LOOP('',(#2115,#2116,#2117,#2118));
#814=EDGE_LOOP('',(#2119,#2120,#2121,#2122));
#815=EDGE_LOOP('',(#2123,#2124,#2125,#2126));
#816=EDGE_LOOP('',(#2127,#2128,#2129,#2130));
#817=EDGE_LOOP('',(#2131,#2132,#2133,#2134));
#818=EDGE_LOOP('',(#2135,#2136,#2137,#2138));
#819=EDGE_LOOP('',(#2139,#2140,#2141,#2142));
#820=EDGE_LOOP('',(#2143,#2144,#2145,#2146));
#821=EDGE_LOOP('',(#2147,#2148,#2149,#2150));
#822=EDGE_LOOP('',(#2151,#2152,#2153,#2154));
#823=EDGE_LOOP('',(#2155,#2156,#2157,#2158));
#824=EDGE_LOOP('',(#2159,#2160,#2161,#2162));
#825=EDGE_LOOP('',(#2163,#2164,#2165,#2166));
#826=EDGE_LOOP('',(#2167,#2168,#2169,#2170));
#827=EDGE_LOOP('',(#2171,#2172,#2173,#2174));
#828=EDGE_LOOP('',(#2175,#2176,#2177,#2178));
#829=EDGE_LOOP('',(#2179,#2180,#2181,#2182));
#830=EDGE_LOOP('',(#2183,#2184,#2185,#2186));
#831=EDGE_LOOP('',(#2187,#2188,#2189,#2190));
#832=EDGE_LOOP('',(#2191,#2192,#2193,#2194));
#833=EDGE_LOOP('',(#2195,#2196,#2197,#2198));
#834=EDGE_LOOP('',(#2199,#2200,#2201,#2202));
#835=EDGE_LOOP('',(#2203,#2204,#2205,#2206));
#836=EDGE_LOOP('',(#2207,#2208,#2209,#2210));
#837=EDGE_LOOP('',(#2211,#2212,#2213,#2214));
#838=EDGE_LOOP('',(#2215,#2216,#2217,#2218));
#839=EDGE_LOOP('',(#2219,#2220,#2221,#2222));
#840=EDGE_LOOP('',(#2223,#2224,#2225,#2226));
#841=EDGE_LOOP('',(#2227,#2228,#2229,#2230,#2231,#2232,#2233,#2234));
#842=EDGE_LOOP('',(#2235,#2236,#2237,#2238));
#843=EDGE_LOOP('',(#2239,#2240,#2241,#2242));
#844=EDGE_LOOP('',(#2243,#2244,#2245,#2246));
#845=EDGE_LOOP('',(#2247,#2248,#2249,#2250));
#846=EDGE_LOOP('',(#2251,#2252,#2253,#2254));
#847=EDGE_LOOP('',(#2255,#2256,#2257,#2258));
#848=EDGE_LOOP('',(#2259));
#849=EDGE_LOOP('',(#2260,#2261,#2262,#2263));
#850=EDGE_LOOP('',(#2264));
#851=EDGE_LOOP('',(#2265,#2266,#2267,#2268));
#852=EDGE_LOOP('',(#2269));
#853=EDGE_LOOP('',(#2270));
#854=EDGE_LOOP('',(#2271,#2272,#2273,#2274,#2275,#2276,#2277,#2278));
#855=EDGE_LOOP('',(#2279,#2280,#2281,#2282));
#856=EDGE_LOOP('',(#2283));
#857=EDGE_LOOP('',(#2284,#2285,#2286,#2287));
#858=EDGE_LOOP('',(#2288));
#859=EDGE_LOOP('',(#2289));
#860=EDGE_LOOP('',(#2290,#2291,#2292,#2293));
#861=EDGE_LOOP('',(#2294));
#862=EDGE_LOOP('',(#2295));
#863=EDGE_LOOP('',(#2296,#2297,#2298,#2299));
#864=EDGE_LOOP('',(#2300,#2301,#2302,#2303));
#865=EDGE_LOOP('',(#2304,#2305,#2306,#2307));
#866=EDGE_LOOP('',(#2308,#2309,#2310,#2311));
#867=EDGE_LOOP('',(#2312,#2313,#2314,#2315));
#868=EDGE_LOOP('',(#2316,#2317,#2318,#2319));
#869=EDGE_LOOP('',(#2320,#2321,#2322,#2323));
#870=EDGE_LOOP('',(#2324,#2325,#2326,#2327));
#871=EDGE_LOOP('',(#2328,#2329,#2330,#2331));
#872=EDGE_LOOP('',(#2332,#2333,#2334,#2335));
#873=EDGE_LOOP('',(#2336,#2337,#2338,#2339));
#874=EDGE_LOOP('',(#2340,#2341,#2342,#2343));
#875=EDGE_LOOP('',(#2344,#2345,#2346,#2347));
#876=EDGE_LOOP('',(#2348,#2349,#2350,#2351));
#877=EDGE_LOOP('',(#2352,#2353,#2354,#2355));
#878=EDGE_LOOP('',(#2356));
#879=EDGE_LOOP('',(#2357));
#880=EDGE_LOOP('',(#2358));
#881=EDGE_LOOP('',(#2359,#2360,#2361,#2362));
#882=EDGE_LOOP('',(#2363));
#883=EDGE_LOOP('',(#2364));
#884=LINE('',#3809,#1025);
#885=LINE('',#3811,#1026);
#886=LINE('',#3813,#1027);
#887=LINE('',#3814,#1028);
#888=LINE('',#3818,#1029);
#889=LINE('',#3819,#1030);
#890=LINE('',#3820,#1031);
#891=LINE('',#3823,#1032);
#892=LINE('',#3825,#1033);
#893=LINE('',#3826,#1034);
#894=LINE('',#3829,#1035);
#895=LINE('',#3831,#1036);
#896=LINE('',#3832,#1037);
#897=LINE('',#3995,#1038);
#898=LINE('',#3997,#1039);
#899=LINE('',#3998,#1040);
#900=LINE('',#4160,#1041);
#901=LINE('',#4162,#1042);
#902=LINE('',#4165,#1043);
#903=LINE('',#4167,#1044);
#904=LINE('',#4169,#1045);
#905=LINE('',#4171,#1046);
#906=LINE('',#4173,#1047);
#907=LINE('',#4175,#1048);
#908=LINE('',#4177,#1049);
#909=LINE('',#4179,#1050);
#910=LINE('',#4181,#1051);
#911=LINE('',#4183,#1052);
#912=LINE('',#4185,#1053);
#913=LINE('',#4187,#1054);
#914=LINE('',#4189,#1055);
#915=LINE('',#4191,#1056);
#916=LINE('',#4193,#1057);
#917=LINE('',#4195,#1058);
#918=LINE('',#4197,#1059);
#919=LINE('',#4199,#1060);
#920=LINE('',#4201,#1061);
#921=LINE('',#4203,#1062);
#922=LINE('',#4205,#1063);
#923=LINE('',#4207,#1064);
#924=LINE('',#4209,#1065);
#925=LINE('',#4211,#1066);
#926=LINE('',#4213,#1067);
#927=LINE('',#4215,#1068);
#928=LINE('',#4217,#1069);
#929=LINE('',#4219,#1070);
#930=LINE('',#4221,#1071);
#931=LINE('',#4223,#1072);
#932=LINE('',#4225,#1073);
#933=LINE('',#4227,#1074);
#934=LINE('',#4229,#1075);
#935=LINE('',#4231,#1076);
#936=LINE('',#4233,#1077);
#937=LINE('',#4235,#1078);
#938=LINE('',#4237,#1079);
#939=LINE('',#4239,#1080);
#940=LINE('',#4241,#1081);
#941=LINE('',#4243,#1082);
#942=LINE('',#4245,#1083);
#943=LINE('',#4247,#1084);
#944=LINE('',#4249,#1085);
#945=LINE('',#4251,#1086);
#946=LINE('',#4253,#1087);
#947=LINE('',#4255,#1088);
#948=LINE('',#4257,#1089);
#949=LINE('',#4259,#1090);
#950=LINE('',#4261,#1091);
#951=LINE('',#4263,#1092);
#952=LINE('',#4265,#1093);
#953=LINE('',#4267,#1094);
#954=LINE('',#4269,#1095);
#955=LINE('',#4271,#1096);
#956=LINE('',#4273,#1097);
#957=LINE('',#4275,#1098);
#958=LINE('',#4277,#1099);
#959=LINE('',#4279,#1100);
#960=LINE('',#4281,#1101);
#961=LINE('',#4283,#1102);
#962=LINE('',#4285,#1103);
#963=LINE('',#4287,#1104);
#964=LINE('',#4289,#1105);
#965=LINE('',#4291,#1106);
#966=LINE('',#4293,#1107);
#967=LINE('',#4295,#1108);
#968=LINE('',#4297,#1109);
#969=LINE('',#4299,#1110);
#970=LINE('',#4301,#1111);
#971=LINE('',#4303,#1112);
#972=LINE('',#4305,#1113);
#973=LINE('',#4307,#1114);
#974=LINE('',#4309,#1115);
#975=LINE('',#4311,#1116);
#976=LINE('',#4313,#1117);
#977=LINE('',#4315,#1118);
#978=LINE('',#4317,#1119);
#979=LINE('',#4319,#1120);
#980=LINE('',#4321,#1121);
#981=LINE('',#4323,#1122);
#982=LINE('',#4339,#1123);
#983=LINE('',#4343,#1124);
#984=LINE('',#4347,#1125);
#985=LINE('',#4350,#1126);
#986=LINE('',#4353,#1127);
#987=LINE('',#4355,#1128);
#988=LINE('',#4357,#1129);
#989=LINE('',#4358,#1130);
#990=LINE('',#4364,#1131);
#991=LINE('',#4367,#1132);
#992=LINE('',#4372,#1133);
#993=LINE('',#4373,#1134);
#994=LINE('',#4378,#1135);
#995=LINE('',#4379,#1136);
#996=LINE('',#4381,#1137);
#997=LINE('',#4382,#1138);
#998=LINE('',#4387,#1139);
#999=LINE('',#4394,#1140);
#1000=LINE('',#4401,#1141);
#1001=LINE('',#4409,#1142);
#1002=LINE('',#4413,#1143);
#1003=LINE('',#4417,#1144);
#1004=LINE('',#4420,#1145);
#1005=LINE('',#4425,#1146);
#1006=LINE('',#4432,#1147);
#1007=LINE('',#4439,#1148);
#1008=LINE('',#4443,#1149);
#1009=LINE('',#4444,#1150);
#1010=LINE('',#4446,#1151);
#1011=LINE('',#4448,#1152);
#1012=LINE('',#4450,#1153);
#1013=LINE('',#4452,#1154);
#1014=LINE('',#4454,#1155);
#1015=LINE('',#4456,#1156);
#1016=LINE('',#4461,#1157);
#1017=LINE('',#4462,#1158);
#1018=LINE('',#4463,#1159);
#1019=LINE('',#4466,#1160);
#1020=LINE('',#4467,#1161);
#1021=LINE('',#4470,#1162);
#1022=LINE('',#4471,#1163);
#1023=LINE('',#4473,#1164);
#1024=LINE('',#4479,#1165);
#1025=VECTOR('',#3007,1.);
#1026=VECTOR('',#3008,1.);
#1027=VECTOR('',#3009,1.);
#1028=VECTOR('',#3010,1.);
#1029=VECTOR('',#3013,1.);
#1030=VECTOR('',#3014,1.);
#1031=VECTOR('',#3015,1.);
#1032=VECTOR('',#3018,1.);
#1033=VECTOR('',#3019,1.);
#1034=VECTOR('',#3020,1.);
#1035=VECTOR('',#3023,1.);
#1036=VECTOR('',#3024,1.);
#1037=VECTOR('',#3025,1.);
#1038=VECTOR('',#3188,1.);
#1039=VECTOR('',#3189,1.);
#1040=VECTOR('',#3190,1.);
#1041=VECTOR('',#3353,1.);
#1042=VECTOR('',#3356,1.);
#1043=VECTOR('',#3361,1.6);
#1044=VECTOR('',#3364,0.4);
#1045=VECTOR('',#3367,0.4);
#1046=VECTOR('',#3370,0.4);
#1047=VECTOR('',#3373,0.4);
#1048=VECTOR('',#3376,0.4);
#1049=VECTOR('',#3379,0.4);
#1050=VECTOR('',#3382,0.4);
#1051=VECTOR('',#3385,0.4);
#1052=VECTOR('',#3388,0.85);
#1053=VECTOR('',#3391,2.);
#1054=VECTOR('',#3394,0.75);
#1055=VECTOR('',#3397,0.4);
#1056=VECTOR('',#3400,0.4);
#1057=VECTOR('',#3403,1.6);
#1058=VECTOR('',#3406,0.85);
#1059=VECTOR('',#3409,0.75);
#1060=VECTOR('',#3412,0.85);
#1061=VECTOR('',#3415,0.75);
#1062=VECTOR('',#3418,2.);
#1063=VECTOR('',#3421,0.75);
#1064=VECTOR('',#3424,0.85);
#1065=VECTOR('',#3427,0.85);
#1066=VECTOR('',#3430,2.);
#1067=VECTOR('',#3433,0.75);
#1068=VECTOR('',#3436,0.85);
#1069=VECTOR('',#3439,0.75);
#1070=VECTOR('',#3442,0.4);
#1071=VECTOR('',#3445,0.4);
#1072=VECTOR('',#3448,0.4);
#1073=VECTOR('',#3451,0.4);
#1074=VECTOR('',#3454,0.4);
#1075=VECTOR('',#3457,0.4);
#1076=VECTOR('',#3460,0.4);
#1077=VECTOR('',#3463,0.4);
#1078=VECTOR('',#3466,0.85);
#1079=VECTOR('',#3469,2.);
#1080=VECTOR('',#3472,0.75);
#1081=VECTOR('',#3475,0.5);
#1082=VECTOR('',#3478,0.5);
#1083=VECTOR('',#3481,0.5);
#1084=VECTOR('',#3484,0.5);
#1085=VECTOR('',#3487,0.5);
#1086=VECTOR('',#3490,0.5);
#1087=VECTOR('',#3493,0.5);
#1088=VECTOR('',#3496,0.5);
#1089=VECTOR('',#3499,0.5);
#1090=VECTOR('',#3502,0.5);
#1091=VECTOR('',#3505,0.5);
#1092=VECTOR('',#3508,0.5);
#1093=VECTOR('',#3511,0.5);
#1094=VECTOR('',#3514,0.5);
#1095=VECTOR('',#3517,0.85);
#1096=VECTOR('',#3520,2.);
#1097=VECTOR('',#3523,0.75);
#1098=VECTOR('',#3526,0.85);
#1099=VECTOR('',#3529,0.75);
#1100=VECTOR('',#3532,0.85);
#1101=VECTOR('',#3535,0.75);
#1102=VECTOR('',#3538,2.);
#1103=VECTOR('',#3541,0.75);
#1104=VECTOR('',#3544,0.85);
#1105=VECTOR('',#3547,0.85);
#1106=VECTOR('',#3550,2.);
#1107=VECTOR('',#3553,0.75);
#1108=VECTOR('',#3556,0.85);
#1109=VECTOR('',#3559,0.75);
#1110=VECTOR('',#3562,0.85);
#1111=VECTOR('',#3565,0.75);
#1112=VECTOR('',#3568,0.85);
#1113=VECTOR('',#3571,2.);
#1114=VECTOR('',#3574,0.75);
#1115=VECTOR('',#3577,0.75);
#1116=VECTOR('',#3580,0.85);
#1117=VECTOR('',#3583,0.85);
#1118=VECTOR('',#3586,2.);
#1119=VECTOR('',#3589,0.85);
#1120=VECTOR('',#3592,0.75);
#1121=VECTOR('',#3595,0.75);
#1122=VECTOR('',#3598,1.6);
#1123=VECTOR('',#3623,10.);
#1124=VECTOR('',#3626,10.);
#1125=VECTOR('',#3629,10.);
#1126=VECTOR('',#3632,10.);
#1127=VECTOR('',#3633,10.);
#1128=VECTOR('',#3634,10.);
#1129=VECTOR('',#3635,10.);
#1130=VECTOR('',#3636,10.);
#1131=VECTOR('',#3641,10.);
#1132=VECTOR('',#3644,10.);
#1133=VECTOR('',#3649,10.);
#1134=VECTOR('',#3650,10.);
#1135=VECTOR('',#3655,10.);
#1136=VECTOR('',#3656,10.);
#1137=VECTOR('',#3659,10.);
#1138=VECTOR('',#3660,10.);
#1139=VECTOR('',#3665,2.6);
#1140=VECTOR('',#3674,2.60000000000001);
#1141=VECTOR('',#3683,3.5);
#1142=VECTOR('',#3692,10.);
#1143=VECTOR('',#3695,10.);
#1144=VECTOR('',#3698,10.);
#1145=VECTOR('',#3701,10.);
#1146=VECTOR('',#3706,2.60000000000001);
#1147=VECTOR('',#3715,3.);
#1148=VECTOR('',#3724,3.);
#1149=VECTOR('',#3731,10.);
#1150=VECTOR('',#3732,10.);
#1151=VECTOR('',#3735,10.);
#1152=VECTOR('',#3738,10.);
#1153=VECTOR('',#3741,10.);
#1154=VECTOR('',#3744,10.);
#1155=VECTOR('',#3747,10.);
#1156=VECTOR('',#3750,10.);
#1157=VECTOR('',#3755,10.);
#1158=VECTOR('',#3756,10.);
#1159=VECTOR('',#3757,10.);
#1160=VECTOR('',#3760,10.);
#1161=VECTOR('',#3761,10.);
#1162=VECTOR('',#3764,10.);
#1163=VECTOR('',#3765,10.);
#1164=VECTOR('',#3768,10.);
#1165=VECTOR('',#3775,2.6);
#1166=VERTEX_POINT('',#3807);
#1167=VERTEX_POINT('',#3808);
#1168=VERTEX_POINT('',#3810);
#1169=VERTEX_POINT('',#3812);
#1170=VERTEX_POINT('',#3816);
#1171=VERTEX_POINT('',#3817);
#1172=VERTEX_POINT('',#3822);
#1173=VERTEX_POINT('',#3824);
#1174=VERTEX_POINT('',#3828);
#1175=VERTEX_POINT('',#3830);
#1176=VERTEX_POINT('',#3833);
#1177=VERTEX_POINT('',#3835);
#1178=VERTEX_POINT('',#3837);
#1179=VERTEX_POINT('',#3839);
#1180=VERTEX_POINT('',#3841);
#1181=VERTEX_POINT('',#3843);
#1182=VERTEX_POINT('',#3845);
#1183=VERTEX_POINT('',#3847);
#1184=VERTEX_POINT('',#3849);
#1185=VERTEX_POINT('',#3851);
#1186=VERTEX_POINT('',#3853);
#1187=VERTEX_POINT('',#3855);
#1188=VERTEX_POINT('',#3857);
#1189=VERTEX_POINT('',#3859);
#1190=VERTEX_POINT('',#3861);
#1191=VERTEX_POINT('',#3863);
#1192=VERTEX_POINT('',#3865);
#1193=VERTEX_POINT('',#3867);
#1194=VERTEX_POINT('',#3869);
#1195=VERTEX_POINT('',#3871);
#1196=VERTEX_POINT('',#3873);
#1197=VERTEX_POINT('',#3875);
#1198=VERTEX_POINT('',#3877);
#1199=VERTEX_POINT('',#3879);
#1200=VERTEX_POINT('',#3881);
#1201=VERTEX_POINT('',#3883);
#1202=VERTEX_POINT('',#3885);
#1203=VERTEX_POINT('',#3887);
#1204=VERTEX_POINT('',#3889);
#1205=VERTEX_POINT('',#3891);
#1206=VERTEX_POINT('',#3893);
#1207=VERTEX_POINT('',#3895);
#1208=VERTEX_POINT('',#3897);
#1209=VERTEX_POINT('',#3899);
#1210=VERTEX_POINT('',#3901);
#1211=VERTEX_POINT('',#3903);
#1212=VERTEX_POINT('',#3905);
#1213=VERTEX_POINT('',#3907);
#1214=VERTEX_POINT('',#3909);
#1215=VERTEX_POINT('',#3911);
#1216=VERTEX_POINT('',#3913);
#1217=VERTEX_POINT('',#3915);
#1218=VERTEX_POINT('',#3917);
#1219=VERTEX_POINT('',#3919);
#1220=VERTEX_POINT('',#3921);
#1221=VERTEX_POINT('',#3923);
#1222=VERTEX_POINT('',#3925);
#1223=VERTEX_POINT('',#3927);
#1224=VERTEX_POINT('',#3929);
#1225=VERTEX_POINT('',#3931);
#1226=VERTEX_POINT('',#3933);
#1227=VERTEX_POINT('',#3935);
#1228=VERTEX_POINT('',#3937);
#1229=VERTEX_POINT('',#3939);
#1230=VERTEX_POINT('',#3941);
#1231=VERTEX_POINT('',#3943);
#1232=VERTEX_POINT('',#3945);
#1233=VERTEX_POINT('',#3947);
#1234=VERTEX_POINT('',#3949);
#1235=VERTEX_POINT('',#3951);
#1236=VERTEX_POINT('',#3953);
#1237=VERTEX_POINT('',#3955);
#1238=VERTEX_POINT('',#3957);
#1239=VERTEX_POINT('',#3959);
#1240=VERTEX_POINT('',#3961);
#1241=VERTEX_POINT('',#3963);
#1242=VERTEX_POINT('',#3965);
#1243=VERTEX_POINT('',#3967);
#1244=VERTEX_POINT('',#3969);
#1245=VERTEX_POINT('',#3971);
#1246=VERTEX_POINT('',#3973);
#1247=VERTEX_POINT('',#3975);
#1248=VERTEX_POINT('',#3977);
#1249=VERTEX_POINT('',#3979);
#1250=VERTEX_POINT('',#3981);
#1251=VERTEX_POINT('',#3983);
#1252=VERTEX_POINT('',#3985);
#1253=VERTEX_POINT('',#3987);
#1254=VERTEX_POINT('',#3989);
#1255=VERTEX_POINT('',#3991);
#1256=VERTEX_POINT('',#3994);
#1257=VERTEX_POINT('',#3996);
#1258=VERTEX_POINT('',#3999);
#1259=VERTEX_POINT('',#4001);
#1260=VERTEX_POINT('',#4003);
#1261=VERTEX_POINT('',#4005);
#1262=VERTEX_POINT('',#4007);
#1263=VERTEX_POINT('',#4009);
#1264=VERTEX_POINT('',#4011);
#1265=VERTEX_POINT('',#4013);
#1266=VERTEX_POINT('',#4015);
#1267=VERTEX_POINT('',#4017);
#1268=VERTEX_POINT('',#4019);
#1269=VERTEX_POINT('',#4021);
#1270=VERTEX_POINT('',#4023);
#1271=VERTEX_POINT('',#4025);
#1272=VERTEX_POINT('',#4027);
#1273=VERTEX_POINT('',#4029);
#1274=VERTEX_POINT('',#4031);
#1275=VERTEX_POINT('',#4033);
#1276=VERTEX_POINT('',#4035);
#1277=VERTEX_POINT('',#4037);
#1278=VERTEX_POINT('',#4039);
#1279=VERTEX_POINT('',#4041);
#1280=VERTEX_POINT('',#4043);
#1281=VERTEX_POINT('',#4045);
#1282=VERTEX_POINT('',#4047);
#1283=VERTEX_POINT('',#4049);
#1284=VERTEX_POINT('',#4051);
#1285=VERTEX_POINT('',#4053);
#1286=VERTEX_POINT('',#4055);
#1287=VERTEX_POINT('',#4057);
#1288=VERTEX_POINT('',#4059);
#1289=VERTEX_POINT('',#4061);
#1290=VERTEX_POINT('',#4063);
#1291=VERTEX_POINT('',#4065);
#1292=VERTEX_POINT('',#4067);
#1293=VERTEX_POINT('',#4069);
#1294=VERTEX_POINT('',#4071);
#1295=VERTEX_POINT('',#4073);
#1296=VERTEX_POINT('',#4075);
#1297=VERTEX_POINT('',#4077);
#1298=VERTEX_POINT('',#4079);
#1299=VERTEX_POINT('',#4081);
#1300=VERTEX_POINT('',#4083);
#1301=VERTEX_POINT('',#4085);
#1302=VERTEX_POINT('',#4087);
#1303=VERTEX_POINT('',#4089);
#1304=VERTEX_POINT('',#4091);
#1305=VERTEX_POINT('',#4093);
#1306=VERTEX_POINT('',#4095);
#1307=VERTEX_POINT('',#4097);
#1308=VERTEX_POINT('',#4099);
#1309=VERTEX_POINT('',#4101);
#1310=VERTEX_POINT('',#4103);
#1311=VERTEX_POINT('',#4105);
#1312=VERTEX_POINT('',#4107);
#1313=VERTEX_POINT('',#4109);
#1314=VERTEX_POINT('',#4111);
#1315=VERTEX_POINT('',#4113);
#1316=VERTEX_POINT('',#4115);
#1317=VERTEX_POINT('',#4117);
#1318=VERTEX_POINT('',#4119);
#1319=VERTEX_POINT('',#4121);
#1320=VERTEX_POINT('',#4123);
#1321=VERTEX_POINT('',#4125);
#1322=VERTEX_POINT('',#4127);
#1323=VERTEX_POINT('',#4129);
#1324=VERTEX_POINT('',#4131);
#1325=VERTEX_POINT('',#4133);
#1326=VERTEX_POINT('',#4135);
#1327=VERTEX_POINT('',#4137);
#1328=VERTEX_POINT('',#4139);
#1329=VERTEX_POINT('',#4141);
#1330=VERTEX_POINT('',#4143);
#1331=VERTEX_POINT('',#4145);
#1332=VERTEX_POINT('',#4147);
#1333=VERTEX_POINT('',#4149);
#1334=VERTEX_POINT('',#4151);
#1335=VERTEX_POINT('',#4153);
#1336=VERTEX_POINT('',#4155);
#1337=VERTEX_POINT('',#4157);
#1338=VERTEX_POINT('',#4335);
#1339=VERTEX_POINT('',#4336);
#1340=VERTEX_POINT('',#4338);
#1341=VERTEX_POINT('',#4340);
#1342=VERTEX_POINT('',#4342);
#1343=VERTEX_POINT('',#4344);
#1344=VERTEX_POINT('',#4346);
#1345=VERTEX_POINT('',#4348);
#1346=VERTEX_POINT('',#4351);
#1347=VERTEX_POINT('',#4352);
#1348=VERTEX_POINT('',#4354);
#1349=VERTEX_POINT('',#4356);
#1350=VERTEX_POINT('',#4360);
#1351=VERTEX_POINT('',#4361);
#1352=VERTEX_POINT('',#4363);
#1353=VERTEX_POINT('',#4365);
#1354=VERTEX_POINT('',#4369);
#1355=VERTEX_POINT('',#4370);
#1356=VERTEX_POINT('',#4375);
#1357=VERTEX_POINT('',#4376);
#1358=VERTEX_POINT('',#4384);
#1359=VERTEX_POINT('',#4386);
#1360=VERTEX_POINT('',#4391);
#1361=VERTEX_POINT('',#4393);
#1362=VERTEX_POINT('',#4398);
#1363=VERTEX_POINT('',#4400);
#1364=VERTEX_POINT('',#4405);
#1365=VERTEX_POINT('',#4406);
#1366=VERTEX_POINT('',#4408);
#1367=VERTEX_POINT('',#4410);
#1368=VERTEX_POINT('',#4412);
#1369=VERTEX_POINT('',#4414);
#1370=VERTEX_POINT('',#4416);
#1371=VERTEX_POINT('',#4418);
#1372=VERTEX_POINT('',#4422);
#1373=VERTEX_POINT('',#4424);
#1374=VERTEX_POINT('',#4429);
#1375=VERTEX_POINT('',#4431);
#1376=VERTEX_POINT('',#4436);
#1377=VERTEX_POINT('',#4438);
#1378=VERTEX_POINT('',#4459);
#1379=VERTEX_POINT('',#4460);
#1380=VERTEX_POINT('',#4465);
#1381=VERTEX_POINT('',#4469);
#1382=VERTEX_POINT('',#4476);
#1383=VERTEX_POINT('',#4478);
#1384=EDGE_CURVE('',#1166,#1167,#884,.T.);
#1385=EDGE_CURVE('',#1167,#1168,#885,.T.);
#1386=EDGE_CURVE('',#1169,#1168,#886,.T.);
#1387=EDGE_CURVE('',#1166,#1169,#887,.T.);
#1388=EDGE_CURVE('',#1170,#1171,#888,.T.);
#1389=EDGE_CURVE('',#1171,#1167,#889,.T.);
#1390=EDGE_CURVE('',#1170,#1166,#890,.T.);
#1391=EDGE_CURVE('',#1168,#1172,#891,.T.);
#1392=EDGE_CURVE('',#1173,#1172,#892,.T.);
#1393=EDGE_CURVE('',#1169,#1173,#893,.T.);
#1394=EDGE_CURVE('',#1173,#1174,#894,.T.);
#1395=EDGE_CURVE('',#1174,#1175,#895,.T.);
#1396=EDGE_CURVE('',#1175,#1170,#896,.T.);
#1397=EDGE_CURVE('',#1176,#1176,#289,.T.);
#1398=EDGE_CURVE('',#1177,#1177,#290,.T.);
#1399=EDGE_CURVE('',#1178,#1178,#291,.T.);
#1400=EDGE_CURVE('',#1179,#1179,#292,.T.);
#1401=EDGE_CURVE('',#1180,#1180,#293,.T.);
#1402=EDGE_CURVE('',#1181,#1181,#294,.T.);
#1403=EDGE_CURVE('',#1182,#1182,#295,.T.);
#1404=EDGE_CURVE('',#1183,#1183,#296,.T.);
#1405=EDGE_CURVE('',#1184,#1184,#297,.T.);
#1406=EDGE_CURVE('',#1185,#1185,#298,.T.);
#1407=EDGE_CURVE('',#1186,#1186,#299,.T.);
#1408=EDGE_CURVE('',#1187,#1187,#300,.T.);
#1409=EDGE_CURVE('',#1188,#1188,#301,.T.);
#1410=EDGE_CURVE('',#1189,#1189,#302,.T.);
#1411=EDGE_CURVE('',#1190,#1190,#303,.T.);
#1412=EDGE_CURVE('',#1191,#1191,#304,.T.);
#1413=EDGE_CURVE('',#1192,#1192,#305,.T.);
#1414=EDGE_CURVE('',#1193,#1193,#306,.T.);
#1415=EDGE_CURVE('',#1194,#1194,#307,.T.);
#1416=EDGE_CURVE('',#1195,#1195,#308,.T.);
#1417=EDGE_CURVE('',#1196,#1196,#309,.T.);
#1418=EDGE_CURVE('',#1197,#1197,#310,.T.);
#1419=EDGE_CURVE('',#1198,#1198,#311,.T.);
#1420=EDGE_CURVE('',#1199,#1199,#312,.T.);
#1421=EDGE_CURVE('',#1200,#1200,#313,.T.);
#1422=EDGE_CURVE('',#1201,#1201,#314,.T.);
#1423=EDGE_CURVE('',#1202,#1202,#315,.T.);
#1424=EDGE_CURVE('',#1203,#1203,#316,.T.);
#1425=EDGE_CURVE('',#1204,#1204,#317,.T.);
#1426=EDGE_CURVE('',#1205,#1205,#318,.T.);
#1427=EDGE_CURVE('',#1206,#1206,#319,.T.);
#1428=EDGE_CURVE('',#1207,#1207,#320,.T.);
#1429=EDGE_CURVE('',#1208,#1208,#321,.T.);
#1430=EDGE_CURVE('',#1209,#1209,#322,.T.);
#1431=EDGE_CURVE('',#1210,#1210,#323,.T.);
#1432=EDGE_CURVE('',#1211,#1211,#324,.T.);
#1433=EDGE_CURVE('',#1212,#1212,#325,.T.);
#1434=EDGE_CURVE('',#1213,#1213,#326,.T.);
#1435=EDGE_CURVE('',#1214,#1214,#327,.T.);
#1436=EDGE_CURVE('',#1215,#1215,#328,.T.);
#1437=EDGE_CURVE('',#1216,#1216,#329,.T.);
#1438=EDGE_CURVE('',#1217,#1217,#330,.T.);
#1439=EDGE_CURVE('',#1218,#1218,#331,.T.);
#1440=EDGE_CURVE('',#1219,#1219,#332,.T.);
#1441=EDGE_CURVE('',#1220,#1220,#333,.T.);
#1442=EDGE_CURVE('',#1221,#1221,#334,.T.);
#1443=EDGE_CURVE('',#1222,#1222,#335,.T.);
#1444=EDGE_CURVE('',#1223,#1223,#336,.T.);
#1445=EDGE_CURVE('',#1224,#1224,#337,.T.);
#1446=EDGE_CURVE('',#1225,#1225,#338,.T.);
#1447=EDGE_CURVE('',#1226,#1226,#339,.T.);
#1448=EDGE_CURVE('',#1227,#1227,#340,.T.);
#1449=EDGE_CURVE('',#1228,#1228,#341,.T.);
#1450=EDGE_CURVE('',#1229,#1229,#342,.T.);
#1451=EDGE_CURVE('',#1230,#1230,#343,.T.);
#1452=EDGE_CURVE('',#1231,#1231,#344,.T.);
#1453=EDGE_CURVE('',#1232,#1232,#345,.T.);
#1454=EDGE_CURVE('',#1233,#1233,#346,.T.);
#1455=EDGE_CURVE('',#1234,#1234,#347,.T.);
#1456=EDGE_CURVE('',#1235,#1235,#348,.T.);
#1457=EDGE_CURVE('',#1236,#1236,#349,.T.);
#1458=EDGE_CURVE('',#1237,#1237,#350,.T.);
#1459=EDGE_CURVE('',#1238,#1238,#351,.T.);
#1460=EDGE_CURVE('',#1239,#1239,#352,.T.);
#1461=EDGE_CURVE('',#1240,#1240,#353,.T.);
#1462=EDGE_CURVE('',#1241,#1241,#354,.T.);
#1463=EDGE_CURVE('',#1242,#1242,#355,.T.);
#1464=EDGE_CURVE('',#1243,#1243,#356,.T.);
#1465=EDGE_CURVE('',#1244,#1244,#357,.T.);
#1466=EDGE_CURVE('',#1245,#1245,#358,.T.);
#1467=EDGE_CURVE('',#1246,#1246,#359,.T.);
#1468=EDGE_CURVE('',#1247,#1247,#360,.T.);
#1469=EDGE_CURVE('',#1248,#1248,#361,.T.);
#1470=EDGE_CURVE('',#1249,#1249,#362,.T.);
#1471=EDGE_CURVE('',#1250,#1250,#363,.T.);
#1472=EDGE_CURVE('',#1251,#1251,#364,.T.);
#1473=EDGE_CURVE('',#1252,#1252,#365,.T.);
#1474=EDGE_CURVE('',#1253,#1253,#366,.T.);
#1475=EDGE_CURVE('',#1254,#1254,#367,.T.);
#1476=EDGE_CURVE('',#1255,#1255,#368,.T.);
#1477=EDGE_CURVE('',#1256,#1171,#897,.T.);
#1478=EDGE_CURVE('',#1257,#1256,#898,.T.);
#1479=EDGE_CURVE('',#1172,#1257,#899,.T.);
#1480=EDGE_CURVE('',#1258,#1258,#369,.T.);
#1481=EDGE_CURVE('',#1259,#1259,#370,.T.);
#1482=EDGE_CURVE('',#1260,#1260,#371,.T.);
#1483=EDGE_CURVE('',#1261,#1261,#372,.T.);
#1484=EDGE_CURVE('',#1262,#1262,#373,.T.);
#1485=EDGE_CURVE('',#1263,#1263,#374,.T.);
#1486=EDGE_CURVE('',#1264,#1264,#375,.T.);
#1487=EDGE_CURVE('',#1265,#1265,#376,.T.);
#1488=EDGE_CURVE('',#1266,#1266,#377,.T.);
#1489=EDGE_CURVE('',#1267,#1267,#378,.T.);
#1490=EDGE_CURVE('',#1268,#1268,#379,.T.);
#1491=EDGE_CURVE('',#1269,#1269,#380,.T.);
#1492=EDGE_CURVE('',#1270,#1270,#381,.T.);
#1493=EDGE_CURVE('',#1271,#1271,#382,.T.);
#1494=EDGE_CURVE('',#1272,#1272,#383,.T.);
#1495=EDGE_CURVE('',#1273,#1273,#384,.T.);
#1496=EDGE_CURVE('',#1274,#1274,#385,.T.);
#1497=EDGE_CURVE('',#1275,#1275,#386,.T.);
#1498=EDGE_CURVE('',#1276,#1276,#387,.T.);
#1499=EDGE_CURVE('',#1277,#1277,#388,.T.);
#1500=EDGE_CURVE('',#1278,#1278,#389,.T.);
#1501=EDGE_CURVE('',#1279,#1279,#390,.T.);
#1502=EDGE_CURVE('',#1280,#1280,#391,.T.);
#1503=EDGE_CURVE('',#1281,#1281,#392,.T.);
#1504=EDGE_CURVE('',#1282,#1282,#393,.T.);
#1505=EDGE_CURVE('',#1283,#1283,#394,.T.);
#1506=EDGE_CURVE('',#1284,#1284,#395,.T.);
#1507=EDGE_CURVE('',#1285,#1285,#396,.T.);
#1508=EDGE_CURVE('',#1286,#1286,#397,.T.);
#1509=EDGE_CURVE('',#1287,#1287,#398,.T.);
#1510=EDGE_CURVE('',#1288,#1288,#399,.T.);
#1511=EDGE_CURVE('',#1289,#1289,#400,.T.);
#1512=EDGE_CURVE('',#1290,#1290,#401,.T.);
#1513=EDGE_CURVE('',#1291,#1291,#402,.T.);
#1514=EDGE_CURVE('',#1292,#1292,#403,.T.);
#1515=EDGE_CURVE('',#1293,#1293,#404,.T.);
#1516=EDGE_CURVE('',#1294,#1294,#405,.T.);
#1517=EDGE_CURVE('',#1295,#1295,#406,.T.);
#1518=EDGE_CURVE('',#1296,#1296,#407,.T.);
#1519=EDGE_CURVE('',#1297,#1297,#408,.T.);
#1520=EDGE_CURVE('',#1298,#1298,#409,.T.);
#1521=EDGE_CURVE('',#1299,#1299,#410,.T.);
#1522=EDGE_CURVE('',#1300,#1300,#411,.T.);
#1523=EDGE_CURVE('',#1301,#1301,#412,.T.);
#1524=EDGE_CURVE('',#1302,#1302,#413,.T.);
#1525=EDGE_CURVE('',#1303,#1303,#414,.T.);
#1526=EDGE_CURVE('',#1304,#1304,#415,.T.);
#1527=EDGE_CURVE('',#1305,#1305,#416,.T.);
#1528=EDGE_CURVE('',#1306,#1306,#417,.T.);
#1529=EDGE_CURVE('',#1307,#1307,#418,.T.);
#1530=EDGE_CURVE('',#1308,#1308,#419,.T.);
#1531=EDGE_CURVE('',#1309,#1309,#420,.T.);
#1532=EDGE_CURVE('',#1310,#1310,#421,.T.);
#1533=EDGE_CURVE('',#1311,#1311,#422,.T.);
#1534=EDGE_CURVE('',#1312,#1312,#423,.T.);
#1535=EDGE_CURVE('',#1313,#1313,#424,.T.);
#1536=EDGE_CURVE('',#1314,#1314,#425,.T.);
#1537=EDGE_CURVE('',#1315,#1315,#426,.T.);
#1538=EDGE_CURVE('',#1316,#1316,#427,.T.);
#1539=EDGE_CURVE('',#1317,#1317,#428,.T.);
#1540=EDGE_CURVE('',#1318,#1318,#429,.T.);
#1541=EDGE_CURVE('',#1319,#1319,#430,.T.);
#1542=EDGE_CURVE('',#1320,#1320,#431,.T.);
#1543=EDGE_CURVE('',#1321,#1321,#432,.T.);
#1544=EDGE_CURVE('',#1322,#1322,#433,.T.);
#1545=EDGE_CURVE('',#1323,#1323,#434,.T.);
#1546=EDGE_CURVE('',#1324,#1324,#435,.T.);
#1547=EDGE_CURVE('',#1325,#1325,#436,.T.);
#1548=EDGE_CURVE('',#1326,#1326,#437,.T.);
#1549=EDGE_CURVE('',#1327,#1327,#438,.T.);
#1550=EDGE_CURVE('',#1328,#1328,#439,.T.);
#1551=EDGE_CURVE('',#1329,#1329,#440,.T.);
#1552=EDGE_CURVE('',#1330,#1330,#441,.T.);
#1553=EDGE_CURVE('',#1331,#1331,#442,.T.);
#1554=EDGE_CURVE('',#1332,#1332,#443,.T.);
#1555=EDGE_CURVE('',#1333,#1333,#444,.T.);
#1556=EDGE_CURVE('',#1334,#1334,#445,.T.);
#1557=EDGE_CURVE('',#1335,#1335,#446,.T.);
#1558=EDGE_CURVE('',#1336,#1336,#447,.T.);
#1559=EDGE_CURVE('',#1337,#1337,#448,.T.);
#1560=EDGE_CURVE('',#1175,#1256,#900,.T.);
#1561=EDGE_CURVE('',#1174,#1257,#901,.T.);
#1562=EDGE_CURVE('',#1258,#1176,#902,.T.);
#1563=EDGE_CURVE('',#1259,#1177,#903,.T.);
#1564=EDGE_CURVE('',#1260,#1178,#904,.T.);
#1565=EDGE_CURVE('',#1261,#1179,#905,.T.);
#1566=EDGE_CURVE('',#1262,#1180,#906,.T.);
#1567=EDGE_CURVE('',#1263,#1181,#907,.T.);
#1568=EDGE_CURVE('',#1264,#1182,#908,.T.);
#1569=EDGE_CURVE('',#1265,#1183,#909,.T.);
#1570=EDGE_CURVE('',#1266,#1184,#910,.T.);
#1571=EDGE_CURVE('',#1267,#1185,#911,.T.);
#1572=EDGE_CURVE('',#1268,#1186,#912,.T.);
#1573=EDGE_CURVE('',#1269,#1187,#913,.T.);
#1574=EDGE_CURVE('',#1270,#1188,#914,.T.);
#1575=EDGE_CURVE('',#1271,#1189,#915,.T.);
#1576=EDGE_CURVE('',#1272,#1190,#916,.T.);
#1577=EDGE_CURVE('',#1273,#1191,#917,.T.);
#1578=EDGE_CURVE('',#1274,#1192,#918,.T.);
#1579=EDGE_CURVE('',#1275,#1193,#919,.T.);
#1580=EDGE_CURVE('',#1276,#1194,#920,.T.);
#1581=EDGE_CURVE('',#1277,#1195,#921,.T.);
#1582=EDGE_CURVE('',#1278,#1196,#922,.T.);
#1583=EDGE_CURVE('',#1279,#1197,#923,.T.);
#1584=EDGE_CURVE('',#1280,#1198,#924,.T.);
#1585=EDGE_CURVE('',#1281,#1199,#925,.T.);
#1586=EDGE_CURVE('',#1282,#1200,#926,.T.);
#1587=EDGE_CURVE('',#1283,#1201,#927,.T.);
#1588=EDGE_CURVE('',#1284,#1202,#928,.T.);
#1589=EDGE_CURVE('',#1285,#1203,#929,.T.);
#1590=EDGE_CURVE('',#1286,#1204,#930,.T.);
#1591=EDGE_CURVE('',#1287,#1205,#931,.T.);
#1592=EDGE_CURVE('',#1288,#1206,#932,.T.);
#1593=EDGE_CURVE('',#1289,#1207,#933,.T.);
#1594=EDGE_CURVE('',#1290,#1208,#934,.T.);
#1595=EDGE_CURVE('',#1291,#1209,#935,.T.);
#1596=EDGE_CURVE('',#1292,#1210,#936,.T.);
#1597=EDGE_CURVE('',#1293,#1211,#937,.T.);
#1598=EDGE_CURVE('',#1294,#1212,#938,.T.);
#1599=EDGE_CURVE('',#1295,#1213,#939,.T.);
#1600=EDGE_CURVE('',#1296,#1214,#940,.T.);
#1601=EDGE_CURVE('',#1297,#1215,#941,.T.);
#1602=EDGE_CURVE('',#1298,#1216,#942,.T.);
#1603=EDGE_CURVE('',#1299,#1217,#943,.T.);
#1604=EDGE_CURVE('',#1300,#1218,#944,.T.);
#1605=EDGE_CURVE('',#1301,#1219,#945,.T.);
#1606=EDGE_CURVE('',#1302,#1220,#946,.T.);
#1607=EDGE_CURVE('',#1303,#1221,#947,.T.);
#1608=EDGE_CURVE('',#1304,#1222,#948,.T.);
#1609=EDGE_CURVE('',#1305,#1223,#949,.T.);
#1610=EDGE_CURVE('',#1306,#1224,#950,.T.);
#1611=EDGE_CURVE('',#1307,#1225,#951,.T.);
#1612=EDGE_CURVE('',#1308,#1226,#952,.T.);
#1613=EDGE_CURVE('',#1309,#1227,#953,.T.);
#1614=EDGE_CURVE('',#1310,#1228,#954,.T.);
#1615=EDGE_CURVE('',#1311,#1229,#955,.T.);
#1616=EDGE_CURVE('',#1312,#1230,#956,.T.);
#1617=EDGE_CURVE('',#1313,#1231,#957,.T.);
#1618=EDGE_CURVE('',#1314,#1232,#958,.T.);
#1619=EDGE_CURVE('',#1315,#1233,#959,.T.);
#1620=EDGE_CURVE('',#1316,#1234,#960,.T.);
#1621=EDGE_CURVE('',#1317,#1235,#961,.T.);
#1622=EDGE_CURVE('',#1318,#1236,#962,.T.);
#1623=EDGE_CURVE('',#1319,#1237,#963,.T.);
#1624=EDGE_CURVE('',#1320,#1238,#964,.T.);
#1625=EDGE_CURVE('',#1321,#1239,#965,.T.);
#1626=EDGE_CURVE('',#1322,#1240,#966,.T.);
#1627=EDGE_CURVE('',#1323,#1241,#967,.T.);
#1628=EDGE_CURVE('',#1324,#1242,#968,.T.);
#1629=EDGE_CURVE('',#1325,#1243,#969,.T.);
#1630=EDGE_CURVE('',#1326,#1244,#970,.T.);
#1631=EDGE_CURVE('',#1327,#1245,#971,.T.);
#1632=EDGE_CURVE('',#1328,#1246,#972,.T.);
#1633=EDGE_CURVE('',#1329,#1247,#973,.T.);
#1634=EDGE_CURVE('',#1330,#1248,#974,.T.);
#1635=EDGE_CURVE('',#1331,#1249,#975,.T.);
#1636=EDGE_CURVE('',#1332,#1250,#976,.T.);
#1637=EDGE_CURVE('',#1333,#1251,#977,.T.);
#1638=EDGE_CURVE('',#1334,#1252,#978,.T.);
#1639=EDGE_CURVE('',#1335,#1253,#979,.T.);
#1640=EDGE_CURVE('',#1336,#1254,#980,.T.);
#1641=EDGE_CURVE('',#1337,#1255,#981,.T.);
#1642=EDGE_CURVE('',#1338,#1339,#449,.T.);
#1643=EDGE_CURVE('',#1339,#1340,#982,.T.);
#1644=EDGE_CURVE('',#1340,#1341,#450,.T.);
#1645=EDGE_CURVE('',#1341,#1342,#983,.T.);
#1646=EDGE_CURVE('',#1342,#1343,#451,.T.);
#1647=EDGE_CURVE('',#1343,#1344,#984,.T.);
#1648=EDGE_CURVE('',#1344,#1345,#452,.T.);
#1649=EDGE_CURVE('',#1345,#1338,#985,.T.);
#1650=EDGE_CURVE('',#1346,#1347,#986,.T.);
#1651=EDGE_CURVE('',#1347,#1348,#987,.T.);
#1652=EDGE_CURVE('',#1348,#1349,#988,.T.);
#1653=EDGE_CURVE('',#1349,#1346,#989,.T.);
#1654=EDGE_CURVE('',#1350,#1351,#11,.F.);
#1655=EDGE_CURVE('',#1351,#1352,#990,.T.);
#1656=EDGE_CURVE('',#1353,#1352,#12,.F.);
#1657=EDGE_CURVE('',#1353,#1350,#991,.T.);
#1658=EDGE_CURVE('',#1354,#1355,#13,.F.);
#1659=EDGE_CURVE('',#1355,#1353,#992,.T.);
#1660=EDGE_CURVE('',#1352,#1354,#993,.T.);
#1661=EDGE_CURVE('',#1356,#1357,#14,.F.);
#1662=EDGE_CURVE('',#1357,#1351,#994,.T.);
#1663=EDGE_CURVE('',#1350,#1356,#995,.T.);
#1664=EDGE_CURVE('',#1356,#1355,#996,.T.);
#1665=EDGE_CURVE('',#1354,#1357,#997,.T.);
#1666=EDGE_CURVE('',#1358,#1358,#453,.T.);
#1667=EDGE_CURVE('',#1358,#1359,#998,.T.);
#1668=EDGE_CURVE('',#1359,#1359,#454,.T.);
#1669=EDGE_CURVE('',#1360,#1360,#455,.T.);
#1670=EDGE_CURVE('',#1360,#1361,#999,.T.);
#1671=EDGE_CURVE('',#1361,#1361,#456,.T.);
#1672=EDGE_CURVE('',#1362,#1362,#457,.T.);
#1673=EDGE_CURVE('',#1362,#1363,#1000,.T.);
#1674=EDGE_CURVE('',#1363,#1363,#458,.T.);
#1675=EDGE_CURVE('',#1364,#1365,#459,.T.);
#1676=EDGE_CURVE('',#1366,#1364,#1001,.T.);
#1677=EDGE_CURVE('',#1367,#1366,#460,.T.);
#1678=EDGE_CURVE('',#1368,#1367,#1002,.T.);
#1679=EDGE_CURVE('',#1369,#1368,#461,.T.);
#1680=EDGE_CURVE('',#1370,#1369,#1003,.T.);
#1681=EDGE_CURVE('',#1371,#1370,#462,.T.);
#1682=EDGE_CURVE('',#1365,#1371,#1004,.T.);
#1683=EDGE_CURVE('',#1372,#1372,#463,.T.);
#1684=EDGE_CURVE('',#1372,#1373,#1005,.T.);
#1685=EDGE_CURVE('',#1373,#1373,#464,.T.);
#1686=EDGE_CURVE('',#1374,#1374,#465,.T.);
#1687=EDGE_CURVE('',#1374,#1375,#1006,.T.);
#1688=EDGE_CURVE('',#1375,#1375,#466,.T.);
#1689=EDGE_CURVE('',#1376,#1376,#467,.T.);
#1690=EDGE_CURVE('',#1376,#1377,#1007,.T.);
#1691=EDGE_CURVE('',#1377,#1377,#468,.T.);
#1692=EDGE_CURVE('',#1338,#1364,#1008,.T.);
#1693=EDGE_CURVE('',#1365,#1339,#1009,.T.);
#1694=EDGE_CURVE('',#1366,#1345,#1010,.T.);
#1695=EDGE_CURVE('',#1344,#1367,#1011,.T.);
#1696=EDGE_CURVE('',#1368,#1343,#1012,.T.);
#1697=EDGE_CURVE('',#1342,#1369,#1013,.T.);
#1698=EDGE_CURVE('',#1370,#1341,#1014,.T.);
#1699=EDGE_CURVE('',#1340,#1371,#1015,.T.);
#1700=EDGE_CURVE('',#1378,#1379,#1016,.T.);
#1701=EDGE_CURVE('',#1378,#1346,#1017,.T.);
#1702=EDGE_CURVE('',#1379,#1349,#1018,.T.);
#1703=EDGE_CURVE('',#1379,#1380,#1019,.T.);
#1704=EDGE_CURVE('',#1380,#1348,#1020,.T.);
#1705=EDGE_CURVE('',#1380,#1381,#1021,.T.);
#1706=EDGE_CURVE('',#1381,#1347,#1022,.T.);
#1707=EDGE_CURVE('',#1381,#1378,#1023,.T.);
#1708=EDGE_CURVE('',#1382,#1382,#469,.T.);
#1709=EDGE_CURVE('',#1382,#1383,#1024,.T.);
#1710=EDGE_CURVE('',#1383,#1383,#470,.T.);
#1711=ORIENTED_EDGE('',*,*,#1384,.T.);
#1712=ORIENTED_EDGE('',*,*,#1385,.T.);
#1713=ORIENTED_EDGE('',*,*,#1386,.F.);
#1714=ORIENTED_EDGE('',*,*,#1387,.F.);
#1715=ORIENTED_EDGE('',*,*,#1388,.T.);
#1716=ORIENTED_EDGE('',*,*,#1389,.T.);
#1717=ORIENTED_EDGE('',*,*,#1384,.F.);
#1718=ORIENTED_EDGE('',*,*,#1390,.F.);
#1719=ORIENTED_EDGE('',*,*,#1386,.T.);
#1720=ORIENTED_EDGE('',*,*,#1391,.T.);
#1721=ORIENTED_EDGE('',*,*,#1392,.F.);
#1722=ORIENTED_EDGE('',*,*,#1393,.F.);
#1723=ORIENTED_EDGE('',*,*,#1387,.T.);
#1724=ORIENTED_EDGE('',*,*,#1393,.T.);
#1725=ORIENTED_EDGE('',*,*,#1394,.T.);
#1726=ORIENTED_EDGE('',*,*,#1395,.T.);
#1727=ORIENTED_EDGE('',*,*,#1396,.T.);
#1728=ORIENTED_EDGE('',*,*,#1390,.T.);
#1729=ORIENTED_EDGE('',*,*,#1397,.F.);
#1730=ORIENTED_EDGE('',*,*,#1398,.F.);
#1731=ORIENTED_EDGE('',*,*,#1399,.F.);
#1732=ORIENTED_EDGE('',*,*,#1400,.F.);
#1733=ORIENTED_EDGE('',*,*,#1401,.F.);
#1734=ORIENTED_EDGE('',*,*,#1402,.F.);
#1735=ORIENTED_EDGE('',*,*,#1403,.F.);
#1736=ORIENTED_EDGE('',*,*,#1404,.F.);
#1737=ORIENTED_EDGE('',*,*,#1405,.F.);
#1738=ORIENTED_EDGE('',*,*,#1406,.F.);
#1739=ORIENTED_EDGE('',*,*,#1407,.F.);
#1740=ORIENTED_EDGE('',*,*,#1408,.F.);
#1741=ORIENTED_EDGE('',*,*,#1409,.F.);
#1742=ORIENTED_EDGE('',*,*,#1410,.F.);
#1743=ORIENTED_EDGE('',*,*,#1411,.F.);
#1744=ORIENTED_EDGE('',*,*,#1412,.F.);
#1745=ORIENTED_EDGE('',*,*,#1413,.F.);
#1746=ORIENTED_EDGE('',*,*,#1414,.F.);
#1747=ORIENTED_EDGE('',*,*,#1415,.F.);
#1748=ORIENTED_EDGE('',*,*,#1416,.F.);
#1749=ORIENTED_EDGE('',*,*,#1417,.F.);
#1750=ORIENTED_EDGE('',*,*,#1418,.F.);
#1751=ORIENTED_EDGE('',*,*,#1419,.F.);
#1752=ORIENTED_EDGE('',*,*,#1420,.F.);
#1753=ORIENTED_EDGE('',*,*,#1421,.F.);
#1754=ORIENTED_EDGE('',*,*,#1422,.F.);
#1755=ORIENTED_EDGE('',*,*,#1423,.F.);
#1756=ORIENTED_EDGE('',*,*,#1424,.F.);
#1757=ORIENTED_EDGE('',*,*,#1425,.F.);
#1758=ORIENTED_EDGE('',*,*,#1426,.F.);
#1759=ORIENTED_EDGE('',*,*,#1427,.F.);
#1760=ORIENTED_EDGE('',*,*,#1428,.F.);
#1761=ORIENTED_EDGE('',*,*,#1429,.F.);
#1762=ORIENTED_EDGE('',*,*,#1430,.F.);
#1763=ORIENTED_EDGE('',*,*,#1431,.F.);
#1764=ORIENTED_EDGE('',*,*,#1432,.F.);
#1765=ORIENTED_EDGE('',*,*,#1433,.F.);
#1766=ORIENTED_EDGE('',*,*,#1434,.F.);
#1767=ORIENTED_EDGE('',*,*,#1435,.F.);
#1768=ORIENTED_EDGE('',*,*,#1436,.F.);
#1769=ORIENTED_EDGE('',*,*,#1437,.F.);
#1770=ORIENTED_EDGE('',*,*,#1438,.F.);
#1771=ORIENTED_EDGE('',*,*,#1439,.F.);
#1772=ORIENTED_EDGE('',*,*,#1440,.F.);
#1773=ORIENTED_EDGE('',*,*,#1441,.F.);
#1774=ORIENTED_EDGE('',*,*,#1442,.F.);
#1775=ORIENTED_EDGE('',*,*,#1443,.F.);
#1776=ORIENTED_EDGE('',*,*,#1444,.F.);
#1777=ORIENTED_EDGE('',*,*,#1445,.F.);
#1778=ORIENTED_EDGE('',*,*,#1446,.F.);
#1779=ORIENTED_EDGE('',*,*,#1447,.F.);
#1780=ORIENTED_EDGE('',*,*,#1448,.F.);
#1781=ORIENTED_EDGE('',*,*,#1449,.F.);
#1782=ORIENTED_EDGE('',*,*,#1450,.F.);
#1783=ORIENTED_EDGE('',*,*,#1451,.F.);
#1784=ORIENTED_EDGE('',*,*,#1452,.F.);
#1785=ORIENTED_EDGE('',*,*,#1453,.F.);
#1786=ORIENTED_EDGE('',*,*,#1454,.F.);
#1787=ORIENTED_EDGE('',*,*,#1455,.F.);
#1788=ORIENTED_EDGE('',*,*,#1456,.F.);
#1789=ORIENTED_EDGE('',*,*,#1457,.F.);
#1790=ORIENTED_EDGE('',*,*,#1458,.F.);
#1791=ORIENTED_EDGE('',*,*,#1459,.F.);
#1792=ORIENTED_EDGE('',*,*,#1460,.F.);
#1793=ORIENTED_EDGE('',*,*,#1461,.F.);
#1794=ORIENTED_EDGE('',*,*,#1462,.F.);
#1795=ORIENTED_EDGE('',*,*,#1463,.F.);
#1796=ORIENTED_EDGE('',*,*,#1464,.F.);
#1797=ORIENTED_EDGE('',*,*,#1465,.F.);
#1798=ORIENTED_EDGE('',*,*,#1466,.F.);
#1799=ORIENTED_EDGE('',*,*,#1467,.F.);
#1800=ORIENTED_EDGE('',*,*,#1468,.F.);
#1801=ORIENTED_EDGE('',*,*,#1469,.F.);
#1802=ORIENTED_EDGE('',*,*,#1470,.F.);
#1803=ORIENTED_EDGE('',*,*,#1471,.F.);
#1804=ORIENTED_EDGE('',*,*,#1472,.F.);
#1805=ORIENTED_EDGE('',*,*,#1473,.F.);
#1806=ORIENTED_EDGE('',*,*,#1474,.F.);
#1807=ORIENTED_EDGE('',*,*,#1475,.F.);
#1808=ORIENTED_EDGE('',*,*,#1476,.F.);
#1809=ORIENTED_EDGE('',*,*,#1385,.F.);
#1810=ORIENTED_EDGE('',*,*,#1389,.F.);
#1811=ORIENTED_EDGE('',*,*,#1477,.F.);
#1812=ORIENTED_EDGE('',*,*,#1478,.F.);
#1813=ORIENTED_EDGE('',*,*,#1479,.F.);
#1814=ORIENTED_EDGE('',*,*,#1391,.F.);
#1815=ORIENTED_EDGE('',*,*,#1480,.T.);
#1816=ORIENTED_EDGE('',*,*,#1481,.T.);
#1817=ORIENTED_EDGE('',*,*,#1482,.T.);
#1818=ORIENTED_EDGE('',*,*,#1483,.T.);
#1819=ORIENTED_EDGE('',*,*,#1484,.T.);
#1820=ORIENTED_EDGE('',*,*,#1485,.T.);
#1821=ORIENTED_EDGE('',*,*,#1486,.T.);
#1822=ORIENTED_EDGE('',*,*,#1487,.T.);
#1823=ORIENTED_EDGE('',*,*,#1488,.T.);
#1824=ORIENTED_EDGE('',*,*,#1489,.T.);
#1825=ORIENTED_EDGE('',*,*,#1490,.T.);
#1826=ORIENTED_EDGE('',*,*,#1491,.T.);
#1827=ORIENTED_EDGE('',*,*,#1492,.T.);
#1828=ORIENTED_EDGE('',*,*,#1493,.T.);
#1829=ORIENTED_EDGE('',*,*,#1494,.T.);
#1830=ORIENTED_EDGE('',*,*,#1495,.T.);
#1831=ORIENTED_EDGE('',*,*,#1496,.T.);
#1832=ORIENTED_EDGE('',*,*,#1497,.T.);
#1833=ORIENTED_EDGE('',*,*,#1498,.T.);
#1834=ORIENTED_EDGE('',*,*,#1499,.T.);
#1835=ORIENTED_EDGE('',*,*,#1500,.T.);
#1836=ORIENTED_EDGE('',*,*,#1501,.T.);
#1837=ORIENTED_EDGE('',*,*,#1502,.T.);
#1838=ORIENTED_EDGE('',*,*,#1503,.T.);
#1839=ORIENTED_EDGE('',*,*,#1504,.T.);
#1840=ORIENTED_EDGE('',*,*,#1505,.T.);
#1841=ORIENTED_EDGE('',*,*,#1506,.T.);
#1842=ORIENTED_EDGE('',*,*,#1507,.T.);
#1843=ORIENTED_EDGE('',*,*,#1508,.T.);
#1844=ORIENTED_EDGE('',*,*,#1509,.T.);
#1845=ORIENTED_EDGE('',*,*,#1510,.T.);
#1846=ORIENTED_EDGE('',*,*,#1511,.T.);
#1847=ORIENTED_EDGE('',*,*,#1512,.T.);
#1848=ORIENTED_EDGE('',*,*,#1513,.T.);
#1849=ORIENTED_EDGE('',*,*,#1514,.T.);
#1850=ORIENTED_EDGE('',*,*,#1515,.T.);
#1851=ORIENTED_EDGE('',*,*,#1516,.T.);
#1852=ORIENTED_EDGE('',*,*,#1517,.T.);
#1853=ORIENTED_EDGE('',*,*,#1518,.T.);
#1854=ORIENTED_EDGE('',*,*,#1519,.T.);
#1855=ORIENTED_EDGE('',*,*,#1520,.T.);
#1856=ORIENTED_EDGE('',*,*,#1521,.T.);
#1857=ORIENTED_EDGE('',*,*,#1522,.T.);
#1858=ORIENTED_EDGE('',*,*,#1523,.T.);
#1859=ORIENTED_EDGE('',*,*,#1524,.T.);
#1860=ORIENTED_EDGE('',*,*,#1525,.T.);
#1861=ORIENTED_EDGE('',*,*,#1526,.T.);
#1862=ORIENTED_EDGE('',*,*,#1527,.T.);
#1863=ORIENTED_EDGE('',*,*,#1528,.T.);
#1864=ORIENTED_EDGE('',*,*,#1529,.T.);
#1865=ORIENTED_EDGE('',*,*,#1530,.T.);
#1866=ORIENTED_EDGE('',*,*,#1531,.T.);
#1867=ORIENTED_EDGE('',*,*,#1532,.T.);
#1868=ORIENTED_EDGE('',*,*,#1533,.T.);
#1869=ORIENTED_EDGE('',*,*,#1534,.T.);
#1870=ORIENTED_EDGE('',*,*,#1535,.T.);
#1871=ORIENTED_EDGE('',*,*,#1536,.T.);
#1872=ORIENTED_EDGE('',*,*,#1537,.T.);
#1873=ORIENTED_EDGE('',*,*,#1538,.T.);
#1874=ORIENTED_EDGE('',*,*,#1539,.T.);
#1875=ORIENTED_EDGE('',*,*,#1540,.T.);
#1876=ORIENTED_EDGE('',*,*,#1541,.T.);
#1877=ORIENTED_EDGE('',*,*,#1542,.T.);
#1878=ORIENTED_EDGE('',*,*,#1543,.T.);
#1879=ORIENTED_EDGE('',*,*,#1544,.T.);
#1880=ORIENTED_EDGE('',*,*,#1545,.T.);
#1881=ORIENTED_EDGE('',*,*,#1546,.T.);
#1882=ORIENTED_EDGE('',*,*,#1547,.T.);
#1883=ORIENTED_EDGE('',*,*,#1548,.T.);
#1884=ORIENTED_EDGE('',*,*,#1549,.T.);
#1885=ORIENTED_EDGE('',*,*,#1550,.T.);
#1886=ORIENTED_EDGE('',*,*,#1551,.T.);
#1887=ORIENTED_EDGE('',*,*,#1552,.T.);
#1888=ORIENTED_EDGE('',*,*,#1553,.T.);
#1889=ORIENTED_EDGE('',*,*,#1554,.T.);
#1890=ORIENTED_EDGE('',*,*,#1555,.T.);
#1891=ORIENTED_EDGE('',*,*,#1556,.T.);
#1892=ORIENTED_EDGE('',*,*,#1557,.T.);
#1893=ORIENTED_EDGE('',*,*,#1558,.T.);
#1894=ORIENTED_EDGE('',*,*,#1559,.T.);
#1895=ORIENTED_EDGE('',*,*,#1560,.T.);
#1896=ORIENTED_EDGE('',*,*,#1477,.T.);
#1897=ORIENTED_EDGE('',*,*,#1388,.F.);
#1898=ORIENTED_EDGE('',*,*,#1396,.F.);
#1899=ORIENTED_EDGE('',*,*,#1392,.T.);
#1900=ORIENTED_EDGE('',*,*,#1479,.T.);
#1901=ORIENTED_EDGE('',*,*,#1561,.F.);
#1902=ORIENTED_EDGE('',*,*,#1394,.F.);
#1903=ORIENTED_EDGE('',*,*,#1561,.T.);
#1904=ORIENTED_EDGE('',*,*,#1478,.T.);
#1905=ORIENTED_EDGE('',*,*,#1560,.F.);
#1906=ORIENTED_EDGE('',*,*,#1395,.F.);
#1907=ORIENTED_EDGE('',*,*,#1480,.F.);
#1908=ORIENTED_EDGE('',*,*,#1562,.T.);
#1909=ORIENTED_EDGE('',*,*,#1397,.T.);
#1910=ORIENTED_EDGE('',*,*,#1562,.F.);
#1911=ORIENTED_EDGE('',*,*,#1481,.F.);
#1912=ORIENTED_EDGE('',*,*,#1563,.T.);
#1913=ORIENTED_EDGE('',*,*,#1398,.T.);
#1914=ORIENTED_EDGE('',*,*,#1563,.F.);
#1915=ORIENTED_EDGE('',*,*,#1482,.F.);
#1916=ORIENTED_EDGE('',*,*,#1564,.T.);
#1917=ORIENTED_EDGE('',*,*,#1399,.T.);
#1918=ORIENTED_EDGE('',*,*,#1564,.F.);
#1919=ORIENTED_EDGE('',*,*,#1483,.F.);
#1920=ORIENTED_EDGE('',*,*,#1565,.T.);
#1921=ORIENTED_EDGE('',*,*,#1400,.T.);
#1922=ORIENTED_EDGE('',*,*,#1565,.F.);
#1923=ORIENTED_EDGE('',*,*,#1484,.F.);
#1924=ORIENTED_EDGE('',*,*,#1566,.T.);
#1925=ORIENTED_EDGE('',*,*,#1401,.T.);
#1926=ORIENTED_EDGE('',*,*,#1566,.F.);
#1927=ORIENTED_EDGE('',*,*,#1485,.F.);
#1928=ORIENTED_EDGE('',*,*,#1567,.T.);
#1929=ORIENTED_EDGE('',*,*,#1402,.T.);
#1930=ORIENTED_EDGE('',*,*,#1567,.F.);
#1931=ORIENTED_EDGE('',*,*,#1486,.F.);
#1932=ORIENTED_EDGE('',*,*,#1568,.T.);
#1933=ORIENTED_EDGE('',*,*,#1403,.T.);
#1934=ORIENTED_EDGE('',*,*,#1568,.F.);
#1935=ORIENTED_EDGE('',*,*,#1487,.F.);
#1936=ORIENTED_EDGE('',*,*,#1569,.T.);
#1937=ORIENTED_EDGE('',*,*,#1404,.T.);
#1938=ORIENTED_EDGE('',*,*,#1569,.F.);
#1939=ORIENTED_EDGE('',*,*,#1488,.F.);
#1940=ORIENTED_EDGE('',*,*,#1570,.T.);
#1941=ORIENTED_EDGE('',*,*,#1405,.T.);
#1942=ORIENTED_EDGE('',*,*,#1570,.F.);
#1943=ORIENTED_EDGE('',*,*,#1489,.F.);
#1944=ORIENTED_EDGE('',*,*,#1571,.T.);
#1945=ORIENTED_EDGE('',*,*,#1406,.T.);
#1946=ORIENTED_EDGE('',*,*,#1571,.F.);
#1947=ORIENTED_EDGE('',*,*,#1490,.F.);
#1948=ORIENTED_EDGE('',*,*,#1572,.T.);
#1949=ORIENTED_EDGE('',*,*,#1407,.T.);
#1950=ORIENTED_EDGE('',*,*,#1572,.F.);
#1951=ORIENTED_EDGE('',*,*,#1491,.F.);
#1952=ORIENTED_EDGE('',*,*,#1573,.T.);
#1953=ORIENTED_EDGE('',*,*,#1408,.T.);
#1954=ORIENTED_EDGE('',*,*,#1573,.F.);
#1955=ORIENTED_EDGE('',*,*,#1492,.F.);
#1956=ORIENTED_EDGE('',*,*,#1574,.T.);
#1957=ORIENTED_EDGE('',*,*,#1409,.T.);
#1958=ORIENTED_EDGE('',*,*,#1574,.F.);
#1959=ORIENTED_EDGE('',*,*,#1493,.F.);
#1960=ORIENTED_EDGE('',*,*,#1575,.T.);
#1961=ORIENTED_EDGE('',*,*,#1410,.T.);
#1962=ORIENTED_EDGE('',*,*,#1575,.F.);
#1963=ORIENTED_EDGE('',*,*,#1494,.F.);
#1964=ORIENTED_EDGE('',*,*,#1576,.T.);
#1965=ORIENTED_EDGE('',*,*,#1411,.T.);
#1966=ORIENTED_EDGE('',*,*,#1576,.F.);
#1967=ORIENTED_EDGE('',*,*,#1495,.F.);
#1968=ORIENTED_EDGE('',*,*,#1577,.T.);
#1969=ORIENTED_EDGE('',*,*,#1412,.T.);
#1970=ORIENTED_EDGE('',*,*,#1577,.F.);
#1971=ORIENTED_EDGE('',*,*,#1496,.F.);
#1972=ORIENTED_EDGE('',*,*,#1578,.T.);
#1973=ORIENTED_EDGE('',*,*,#1413,.T.);
#1974=ORIENTED_EDGE('',*,*,#1578,.F.);
#1975=ORIENTED_EDGE('',*,*,#1497,.F.);
#1976=ORIENTED_EDGE('',*,*,#1579,.T.);
#1977=ORIENTED_EDGE('',*,*,#1414,.T.);
#1978=ORIENTED_EDGE('',*,*,#1579,.F.);
#1979=ORIENTED_EDGE('',*,*,#1498,.F.);
#1980=ORIENTED_EDGE('',*,*,#1580,.T.);
#1981=ORIENTED_EDGE('',*,*,#1415,.T.);
#1982=ORIENTED_EDGE('',*,*,#1580,.F.);
#1983=ORIENTED_EDGE('',*,*,#1499,.F.);
#1984=ORIENTED_EDGE('',*,*,#1581,.T.);
#1985=ORIENTED_EDGE('',*,*,#1416,.T.);
#1986=ORIENTED_EDGE('',*,*,#1581,.F.);
#1987=ORIENTED_EDGE('',*,*,#1500,.F.);
#1988=ORIENTED_EDGE('',*,*,#1582,.T.);
#1989=ORIENTED_EDGE('',*,*,#1417,.T.);
#1990=ORIENTED_EDGE('',*,*,#1582,.F.);
#1991=ORIENTED_EDGE('',*,*,#1501,.F.);
#1992=ORIENTED_EDGE('',*,*,#1583,.T.);
#1993=ORIENTED_EDGE('',*,*,#1418,.T.);
#1994=ORIENTED_EDGE('',*,*,#1583,.F.);
#1995=ORIENTED_EDGE('',*,*,#1502,.F.);
#1996=ORIENTED_EDGE('',*,*,#1584,.T.);
#1997=ORIENTED_EDGE('',*,*,#1419,.T.);
#1998=ORIENTED_EDGE('',*,*,#1584,.F.);
#1999=ORIENTED_EDGE('',*,*,#1503,.F.);
#2000=ORIENTED_EDGE('',*,*,#1585,.T.);
#2001=ORIENTED_EDGE('',*,*,#1420,.T.);
#2002=ORIENTED_EDGE('',*,*,#1585,.F.);
#2003=ORIENTED_EDGE('',*,*,#1504,.F.);
#2004=ORIENTED_EDGE('',*,*,#1586,.T.);
#2005=ORIENTED_EDGE('',*,*,#1421,.T.);
#2006=ORIENTED_EDGE('',*,*,#1586,.F.);
#2007=ORIENTED_EDGE('',*,*,#1505,.F.);
#2008=ORIENTED_EDGE('',*,*,#1587,.T.);
#2009=ORIENTED_EDGE('',*,*,#1422,.T.);
#2010=ORIENTED_EDGE('',*,*,#1587,.F.);
#2011=ORIENTED_EDGE('',*,*,#1506,.F.);
#2012=ORIENTED_EDGE('',*,*,#1588,.T.);
#2013=ORIENTED_EDGE('',*,*,#1423,.T.);
#2014=ORIENTED_EDGE('',*,*,#1588,.F.);
#2015=ORIENTED_EDGE('',*,*,#1507,.F.);
#2016=ORIENTED_EDGE('',*,*,#1589,.T.);
#2017=ORIENTED_EDGE('',*,*,#1424,.T.);
#2018=ORIENTED_EDGE('',*,*,#1589,.F.);
#2019=ORIENTED_EDGE('',*,*,#1508,.F.);
#2020=ORIENTED_EDGE('',*,*,#1590,.T.);
#2021=ORIENTED_EDGE('',*,*,#1425,.T.);
#2022=ORIENTED_EDGE('',*,*,#1590,.F.);
#2023=ORIENTED_EDGE('',*,*,#1509,.F.);
#2024=ORIENTED_EDGE('',*,*,#1591,.T.);
#2025=ORIENTED_EDGE('',*,*,#1426,.T.);
#2026=ORIENTED_EDGE('',*,*,#1591,.F.);
#2027=ORIENTED_EDGE('',*,*,#1510,.F.);
#2028=ORIENTED_EDGE('',*,*,#1592,.T.);
#2029=ORIENTED_EDGE('',*,*,#1427,.T.);
#2030=ORIENTED_EDGE('',*,*,#1592,.F.);
#2031=ORIENTED_EDGE('',*,*,#1511,.F.);
#2032=ORIENTED_EDGE('',*,*,#1593,.T.);
#2033=ORIENTED_EDGE('',*,*,#1428,.T.);
#2034=ORIENTED_EDGE('',*,*,#1593,.F.);
#2035=ORIENTED_EDGE('',*,*,#1512,.F.);
#2036=ORIENTED_EDGE('',*,*,#1594,.T.);
#2037=ORIENTED_EDGE('',*,*,#1429,.T.);
#2038=ORIENTED_EDGE('',*,*,#1594,.F.);
#2039=ORIENTED_EDGE('',*,*,#1513,.F.);
#2040=ORIENTED_EDGE('',*,*,#1595,.T.);
#2041=ORIENTED_EDGE('',*,*,#1430,.T.);
#2042=ORIENTED_EDGE('',*,*,#1595,.F.);
#2043=ORIENTED_EDGE('',*,*,#1514,.F.);
#2044=ORIENTED_EDGE('',*,*,#1596,.T.);
#2045=ORIENTED_EDGE('',*,*,#1431,.T.);
#2046=ORIENTED_EDGE('',*,*,#1596,.F.);
#2047=ORIENTED_EDGE('',*,*,#1515,.F.);
#2048=ORIENTED_EDGE('',*,*,#1597,.T.);
#2049=ORIENTED_EDGE('',*,*,#1432,.T.);
#2050=ORIENTED_EDGE('',*,*,#1597,.F.);
#2051=ORIENTED_EDGE('',*,*,#1516,.F.);
#2052=ORIENTED_EDGE('',*,*,#1598,.T.);
#2053=ORIENTED_EDGE('',*,*,#1433,.T.);
#2054=ORIENTED_EDGE('',*,*,#1598,.F.);
#2055=ORIENTED_EDGE('',*,*,#1517,.F.);
#2056=ORIENTED_EDGE('',*,*,#1599,.T.);
#2057=ORIENTED_EDGE('',*,*,#1434,.T.);
#2058=ORIENTED_EDGE('',*,*,#1599,.F.);
#2059=ORIENTED_EDGE('',*,*,#1518,.F.);
#2060=ORIENTED_EDGE('',*,*,#1600,.T.);
#2061=ORIENTED_EDGE('',*,*,#1435,.T.);
#2062=ORIENTED_EDGE('',*,*,#1600,.F.);
#2063=ORIENTED_EDGE('',*,*,#1519,.F.);
#2064=ORIENTED_EDGE('',*,*,#1601,.T.);
#2065=ORIENTED_EDGE('',*,*,#1436,.T.);
#2066=ORIENTED_EDGE('',*,*,#1601,.F.);
#2067=ORIENTED_EDGE('',*,*,#1520,.F.);
#2068=ORIENTED_EDGE('',*,*,#1602,.T.);
#2069=ORIENTED_EDGE('',*,*,#1437,.T.);
#2070=ORIENTED_EDGE('',*,*,#1602,.F.);
#2071=ORIENTED_EDGE('',*,*,#1521,.F.);
#2072=ORIENTED_EDGE('',*,*,#1603,.T.);
#2073=ORIENTED_EDGE('',*,*,#1438,.T.);
#2074=ORIENTED_EDGE('',*,*,#1603,.F.);
#2075=ORIENTED_EDGE('',*,*,#1522,.F.);
#2076=ORIENTED_EDGE('',*,*,#1604,.T.);
#2077=ORIENTED_EDGE('',*,*,#1439,.T.);
#2078=ORIENTED_EDGE('',*,*,#1604,.F.);
#2079=ORIENTED_EDGE('',*,*,#1523,.F.);
#2080=ORIENTED_EDGE('',*,*,#1605,.T.);
#2081=ORIENTED_EDGE('',*,*,#1440,.T.);
#2082=ORIENTED_EDGE('',*,*,#1605,.F.);
#2083=ORIENTED_EDGE('',*,*,#1524,.F.);
#2084=ORIENTED_EDGE('',*,*,#1606,.T.);
#2085=ORIENTED_EDGE('',*,*,#1441,.T.);
#2086=ORIENTED_EDGE('',*,*,#1606,.F.);
#2087=ORIENTED_EDGE('',*,*,#1525,.F.);
#2088=ORIENTED_EDGE('',*,*,#1607,.T.);
#2089=ORIENTED_EDGE('',*,*,#1442,.T.);
#2090=ORIENTED_EDGE('',*,*,#1607,.F.);
#2091=ORIENTED_EDGE('',*,*,#1526,.F.);
#2092=ORIENTED_EDGE('',*,*,#1608,.T.);
#2093=ORIENTED_EDGE('',*,*,#1443,.T.);
#2094=ORIENTED_EDGE('',*,*,#1608,.F.);
#2095=ORIENTED_EDGE('',*,*,#1527,.F.);
#2096=ORIENTED_EDGE('',*,*,#1609,.T.);
#2097=ORIENTED_EDGE('',*,*,#1444,.T.);
#2098=ORIENTED_EDGE('',*,*,#1609,.F.);
#2099=ORIENTED_EDGE('',*,*,#1528,.F.);
#2100=ORIENTED_EDGE('',*,*,#1610,.T.);
#2101=ORIENTED_EDGE('',*,*,#1445,.T.);
#2102=ORIENTED_EDGE('',*,*,#1610,.F.);
#2103=ORIENTED_EDGE('',*,*,#1529,.F.);
#2104=ORIENTED_EDGE('',*,*,#1611,.T.);
#2105=ORIENTED_EDGE('',*,*,#1446,.T.);
#2106=ORIENTED_EDGE('',*,*,#1611,.F.);
#2107=ORIENTED_EDGE('',*,*,#1530,.F.);
#2108=ORIENTED_EDGE('',*,*,#1612,.T.);
#2109=ORIENTED_EDGE('',*,*,#1447,.T.);
#2110=ORIENTED_EDGE('',*,*,#1612,.F.);
#2111=ORIENTED_EDGE('',*,*,#1531,.F.);
#2112=ORIENTED_EDGE('',*,*,#1613,.T.);
#2113=ORIENTED_EDGE('',*,*,#1448,.T.);
#2114=ORIENTED_EDGE('',*,*,#1613,.F.);
#2115=ORIENTED_EDGE('',*,*,#1532,.F.);
#2116=ORIENTED_EDGE('',*,*,#1614,.T.);
#2117=ORIENTED_EDGE('',*,*,#1449,.T.);
#2118=ORIENTED_EDGE('',*,*,#1614,.F.);
#2119=ORIENTED_EDGE('',*,*,#1533,.F.);
#2120=ORIENTED_EDGE('',*,*,#1615,.T.);
#2121=ORIENTED_EDGE('',*,*,#1450,.T.);
#2122=ORIENTED_EDGE('',*,*,#1615,.F.);
#2123=ORIENTED_EDGE('',*,*,#1534,.F.);
#2124=ORIENTED_EDGE('',*,*,#1616,.T.);
#2125=ORIENTED_EDGE('',*,*,#1451,.T.);
#2126=ORIENTED_EDGE('',*,*,#1616,.F.);
#2127=ORIENTED_EDGE('',*,*,#1535,.F.);
#2128=ORIENTED_EDGE('',*,*,#1617,.T.);
#2129=ORIENTED_EDGE('',*,*,#1452,.T.);
#2130=ORIENTED_EDGE('',*,*,#1617,.F.);
#2131=ORIENTED_EDGE('',*,*,#1536,.F.);
#2132=ORIENTED_EDGE('',*,*,#1618,.T.);
#2133=ORIENTED_EDGE('',*,*,#1453,.T.);
#2134=ORIENTED_EDGE('',*,*,#1618,.F.);
#2135=ORIENTED_EDGE('',*,*,#1537,.F.);
#2136=ORIENTED_EDGE('',*,*,#1619,.T.);
#2137=ORIENTED_EDGE('',*,*,#1454,.T.);
#2138=ORIENTED_EDGE('',*,*,#1619,.F.);
#2139=ORIENTED_EDGE('',*,*,#1538,.F.);
#2140=ORIENTED_EDGE('',*,*,#1620,.T.);
#2141=ORIENTED_EDGE('',*,*,#1455,.T.);
#2142=ORIENTED_EDGE('',*,*,#1620,.F.);
#2143=ORIENTED_EDGE('',*,*,#1539,.F.);
#2144=ORIENTED_EDGE('',*,*,#1621,.T.);
#2145=ORIENTED_EDGE('',*,*,#1456,.T.);
#2146=ORIENTED_EDGE('',*,*,#1621,.F.);
#2147=ORIENTED_EDGE('',*,*,#1540,.F.);
#2148=ORIENTED_EDGE('',*,*,#1622,.T.);
#2149=ORIENTED_EDGE('',*,*,#1457,.T.);
#2150=ORIENTED_EDGE('',*,*,#1622,.F.);
#2151=ORIENTED_EDGE('',*,*,#1541,.F.);
#2152=ORIENTED_EDGE('',*,*,#1623,.T.);
#2153=ORIENTED_EDGE('',*,*,#1458,.T.);
#2154=ORIENTED_EDGE('',*,*,#1623,.F.);
#2155=ORIENTED_EDGE('',*,*,#1542,.F.);
#2156=ORIENTED_EDGE('',*,*,#1624,.T.);
#2157=ORIENTED_EDGE('',*,*,#1459,.T.);
#2158=ORIENTED_EDGE('',*,*,#1624,.F.);
#2159=ORIENTED_EDGE('',*,*,#1543,.F.);
#2160=ORIENTED_EDGE('',*,*,#1625,.T.);
#2161=ORIENTED_EDGE('',*,*,#1460,.T.);
#2162=ORIENTED_EDGE('',*,*,#1625,.F.);
#2163=ORIENTED_EDGE('',*,*,#1544,.F.);
#2164=ORIENTED_EDGE('',*,*,#1626,.T.);
#2165=ORIENTED_EDGE('',*,*,#1461,.T.);
#2166=ORIENTED_EDGE('',*,*,#1626,.F.);
#2167=ORIENTED_EDGE('',*,*,#1545,.F.);
#2168=ORIENTED_EDGE('',*,*,#1627,.T.);
#2169=ORIENTED_EDGE('',*,*,#1462,.T.);
#2170=ORIENTED_EDGE('',*,*,#1627,.F.);
#2171=ORIENTED_EDGE('',*,*,#1546,.F.);
#2172=ORIENTED_EDGE('',*,*,#1628,.T.);
#2173=ORIENTED_EDGE('',*,*,#1463,.T.);
#2174=ORIENTED_EDGE('',*,*,#1628,.F.);
#2175=ORIENTED_EDGE('',*,*,#1547,.F.);
#2176=ORIENTED_EDGE('',*,*,#1629,.T.);
#2177=ORIENTED_EDGE('',*,*,#1464,.T.);
#2178=ORIENTED_EDGE('',*,*,#1629,.F.);
#2179=ORIENTED_EDGE('',*,*,#1548,.F.);
#2180=ORIENTED_EDGE('',*,*,#1630,.T.);
#2181=ORIENTED_EDGE('',*,*,#1465,.T.);
#2182=ORIENTED_EDGE('',*,*,#1630,.F.);
#2183=ORIENTED_EDGE('',*,*,#1549,.F.);
#2184=ORIENTED_EDGE('',*,*,#1631,.T.);
#2185=ORIENTED_EDGE('',*,*,#1466,.T.);
#2186=ORIENTED_EDGE('',*,*,#1631,.F.);
#2187=ORIENTED_EDGE('',*,*,#1550,.F.);
#2188=ORIENTED_EDGE('',*,*,#1632,.T.);
#2189=ORIENTED_EDGE('',*,*,#1467,.T.);
#2190=ORIENTED_EDGE('',*,*,#1632,.F.);
#2191=ORIENTED_EDGE('',*,*,#1551,.F.);
#2192=ORIENTED_EDGE('',*,*,#1633,.T.);
#2193=ORIENTED_EDGE('',*,*,#1468,.T.);
#2194=ORIENTED_EDGE('',*,*,#1633,.F.);
#2195=ORIENTED_EDGE('',*,*,#1552,.F.);
#2196=ORIENTED_EDGE('',*,*,#1634,.T.);
#2197=ORIENTED_EDGE('',*,*,#1469,.T.);
#2198=ORIENTED_EDGE('',*,*,#1634,.F.);
#2199=ORIENTED_EDGE('',*,*,#1553,.F.);
#2200=ORIENTED_EDGE('',*,*,#1635,.T.);
#2201=ORIENTED_EDGE('',*,*,#1470,.T.);
#2202=ORIENTED_EDGE('',*,*,#1635,.F.);
#2203=ORIENTED_EDGE('',*,*,#1554,.F.);
#2204=ORIENTED_EDGE('',*,*,#1636,.T.);
#2205=ORIENTED_EDGE('',*,*,#1471,.T.);
#2206=ORIENTED_EDGE('',*,*,#1636,.F.);
#2207=ORIENTED_EDGE('',*,*,#1555,.F.);
#2208=ORIENTED_EDGE('',*,*,#1637,.T.);
#2209=ORIENTED_EDGE('',*,*,#1472,.T.);
#2210=ORIENTED_EDGE('',*,*,#1637,.F.);
#2211=ORIENTED_EDGE('',*,*,#1556,.F.);
#2212=ORIENTED_EDGE('',*,*,#1638,.T.);
#2213=ORIENTED_EDGE('',*,*,#1473,.T.);
#2214=ORIENTED_EDGE('',*,*,#1638,.F.);
#2215=ORIENTED_EDGE('',*,*,#1557,.F.);
#2216=ORIENTED_EDGE('',*,*,#1639,.T.);
#2217=ORIENTED_EDGE('',*,*,#1474,.T.);
#2218=ORIENTED_EDGE('',*,*,#1639,.F.);
#2219=ORIENTED_EDGE('',*,*,#1558,.F.);
#2220=ORIENTED_EDGE('',*,*,#1640,.T.);
#2221=ORIENTED_EDGE('',*,*,#1475,.T.);
#2222=ORIENTED_EDGE('',*,*,#1640,.F.);
#2223=ORIENTED_EDGE('',*,*,#1559,.F.);
#2224=ORIENTED_EDGE('',*,*,#1641,.T.);
#2225=ORIENTED_EDGE('',*,*,#1476,.T.);
#2226=ORIENTED_EDGE('',*,*,#1641,.F.);
#2227=ORIENTED_EDGE('',*,*,#1642,.T.);
#2228=ORIENTED_EDGE('',*,*,#1643,.T.);
#2229=ORIENTED_EDGE('',*,*,#1644,.T.);
#2230=ORIENTED_EDGE('',*,*,#1645,.T.);
#2231=ORIENTED_EDGE('',*,*,#1646,.T.);
#2232=ORIENTED_EDGE('',*,*,#1647,.T.);
#2233=ORIENTED_EDGE('',*,*,#1648,.T.);
#2234=ORIENTED_EDGE('',*,*,#1649,.T.);
#2235=ORIENTED_EDGE('',*,*,#1650,.T.);
#2236=ORIENTED_EDGE('',*,*,#1651,.T.);
#2237=ORIENTED_EDGE('',*,*,#1652,.T.);
#2238=ORIENTED_EDGE('',*,*,#1653,.T.);
#2239=ORIENTED_EDGE('',*,*,#1654,.T.);
#2240=ORIENTED_EDGE('',*,*,#1655,.T.);
#2241=ORIENTED_EDGE('',*,*,#1656,.F.);
#2242=ORIENTED_EDGE('',*,*,#1657,.T.);
#2243=ORIENTED_EDGE('',*,*,#1658,.T.);
#2244=ORIENTED_EDGE('',*,*,#1659,.T.);
#2245=ORIENTED_EDGE('',*,*,#1656,.T.);
#2246=ORIENTED_EDGE('',*,*,#1660,.T.);
#2247=ORIENTED_EDGE('',*,*,#1661,.T.);
#2248=ORIENTED_EDGE('',*,*,#1662,.T.);
#2249=ORIENTED_EDGE('',*,*,#1654,.F.);
#2250=ORIENTED_EDGE('',*,*,#1663,.T.);
#2251=ORIENTED_EDGE('',*,*,#1661,.F.);
#2252=ORIENTED_EDGE('',*,*,#1664,.T.);
#2253=ORIENTED_EDGE('',*,*,#1658,.F.);
#2254=ORIENTED_EDGE('',*,*,#1665,.T.);
#2255=ORIENTED_EDGE('',*,*,#1666,.F.);
#2256=ORIENTED_EDGE('',*,*,#1667,.T.);
#2257=ORIENTED_EDGE('',*,*,#1668,.T.);
#2258=ORIENTED_EDGE('',*,*,#1667,.F.);
#2259=ORIENTED_EDGE('',*,*,#1668,.F.);
#2260=ORIENTED_EDGE('',*,*,#1669,.F.);
#2261=ORIENTED_EDGE('',*,*,#1670,.T.);
#2262=ORIENTED_EDGE('',*,*,#1671,.T.);
#2263=ORIENTED_EDGE('',*,*,#1670,.F.);
#2264=ORIENTED_EDGE('',*,*,#1671,.F.);
#2265=ORIENTED_EDGE('',*,*,#1672,.F.);
#2266=ORIENTED_EDGE('',*,*,#1673,.T.);
#2267=ORIENTED_EDGE('',*,*,#1674,.F.);
#2268=ORIENTED_EDGE('',*,*,#1673,.F.);
#2269=ORIENTED_EDGE('',*,*,#1672,.T.);
#2270=ORIENTED_EDGE('',*,*,#1666,.T.);
#2271=ORIENTED_EDGE('',*,*,#1675,.F.);
#2272=ORIENTED_EDGE('',*,*,#1676,.F.);
#2273=ORIENTED_EDGE('',*,*,#1677,.F.);
#2274=ORIENTED_EDGE('',*,*,#1678,.F.);
#2275=ORIENTED_EDGE('',*,*,#1679,.F.);
#2276=ORIENTED_EDGE('',*,*,#1680,.F.);
#2277=ORIENTED_EDGE('',*,*,#1681,.F.);
#2278=ORIENTED_EDGE('',*,*,#1682,.F.);
#2279=ORIENTED_EDGE('',*,*,#1683,.F.);
#2280=ORIENTED_EDGE('',*,*,#1684,.T.);
#2281=ORIENTED_EDGE('',*,*,#1685,.T.);
#2282=ORIENTED_EDGE('',*,*,#1684,.F.);
#2283=ORIENTED_EDGE('',*,*,#1685,.F.);
#2284=ORIENTED_EDGE('',*,*,#1686,.F.);
#2285=ORIENTED_EDGE('',*,*,#1687,.T.);
#2286=ORIENTED_EDGE('',*,*,#1688,.F.);
#2287=ORIENTED_EDGE('',*,*,#1687,.F.);
#2288=ORIENTED_EDGE('',*,*,#1686,.T.);
#2289=ORIENTED_EDGE('',*,*,#1683,.T.);
#2290=ORIENTED_EDGE('',*,*,#1689,.F.);
#2291=ORIENTED_EDGE('',*,*,#1690,.T.);
#2292=ORIENTED_EDGE('',*,*,#1691,.F.);
#2293=ORIENTED_EDGE('',*,*,#1690,.F.);
#2294=ORIENTED_EDGE('',*,*,#1689,.T.);
#2295=ORIENTED_EDGE('',*,*,#1669,.T.);
#2296=ORIENTED_EDGE('',*,*,#1692,.T.);
#2297=ORIENTED_EDGE('',*,*,#1675,.T.);
#2298=ORIENTED_EDGE('',*,*,#1693,.T.);
#2299=ORIENTED_EDGE('',*,*,#1642,.F.);
#2300=ORIENTED_EDGE('',*,*,#1692,.F.);
#2301=ORIENTED_EDGE('',*,*,#1649,.F.);
#2302=ORIENTED_EDGE('',*,*,#1694,.F.);
#2303=ORIENTED_EDGE('',*,*,#1676,.T.);
#2304=ORIENTED_EDGE('',*,*,#1655,.F.);
#2305=ORIENTED_EDGE('',*,*,#1662,.F.);
#2306=ORIENTED_EDGE('',*,*,#1665,.F.);
#2307=ORIENTED_EDGE('',*,*,#1660,.F.);
#2308=ORIENTED_EDGE('',*,*,#1695,.T.);
#2309=ORIENTED_EDGE('',*,*,#1677,.T.);
#2310=ORIENTED_EDGE('',*,*,#1694,.T.);
#2311=ORIENTED_EDGE('',*,*,#1648,.F.);
#2312=ORIENTED_EDGE('',*,*,#1695,.F.);
#2313=ORIENTED_EDGE('',*,*,#1647,.F.);
#2314=ORIENTED_EDGE('',*,*,#1696,.F.);
#2315=ORIENTED_EDGE('',*,*,#1678,.T.);
#2316=ORIENTED_EDGE('',*,*,#1697,.T.);
#2317=ORIENTED_EDGE('',*,*,#1679,.T.);
#2318=ORIENTED_EDGE('',*,*,#1696,.T.);
#2319=ORIENTED_EDGE('',*,*,#1646,.F.);
#2320=ORIENTED_EDGE('',*,*,#1697,.F.);
#2321=ORIENTED_EDGE('',*,*,#1645,.F.);
#2322=ORIENTED_EDGE('',*,*,#1698,.F.);
#2323=ORIENTED_EDGE('',*,*,#1680,.T.);
#2324=ORIENTED_EDGE('',*,*,#1699,.T.);
#2325=ORIENTED_EDGE('',*,*,#1681,.T.);
#2326=ORIENTED_EDGE('',*,*,#1698,.T.);
#2327=ORIENTED_EDGE('',*,*,#1644,.F.);
#2328=ORIENTED_EDGE('',*,*,#1693,.F.);
#2329=ORIENTED_EDGE('',*,*,#1682,.T.);
#2330=ORIENTED_EDGE('',*,*,#1699,.F.);
#2331=ORIENTED_EDGE('',*,*,#1643,.F.);
#2332=ORIENTED_EDGE('',*,*,#1700,.F.);
#2333=ORIENTED_EDGE('',*,*,#1701,.T.);
#2334=ORIENTED_EDGE('',*,*,#1653,.F.);
#2335=ORIENTED_EDGE('',*,*,#1702,.F.);
#2336=ORIENTED_EDGE('',*,*,#1703,.F.);
#2337=ORIENTED_EDGE('',*,*,#1702,.T.);
#2338=ORIENTED_EDGE('',*,*,#1652,.F.);
#2339=ORIENTED_EDGE('',*,*,#1704,.F.);
#2340=ORIENTED_EDGE('',*,*,#1659,.F.);
#2341=ORIENTED_EDGE('',*,*,#1664,.F.);
#2342=ORIENTED_EDGE('',*,*,#1663,.F.);
#2343=ORIENTED_EDGE('',*,*,#1657,.F.);
#2344=ORIENTED_EDGE('',*,*,#1705,.F.);
#2345=ORIENTED_EDGE('',*,*,#1704,.T.);
#2346=ORIENTED_EDGE('',*,*,#1651,.F.);
#2347=ORIENTED_EDGE('',*,*,#1706,.F.);
#2348=ORIENTED_EDGE('',*,*,#1707,.F.);
#2349=ORIENTED_EDGE('',*,*,#1706,.T.);
#2350=ORIENTED_EDGE('',*,*,#1650,.F.);
#2351=ORIENTED_EDGE('',*,*,#1701,.F.);
#2352=ORIENTED_EDGE('',*,*,#1700,.T.);
#2353=ORIENTED_EDGE('',*,*,#1703,.T.);
#2354=ORIENTED_EDGE('',*,*,#1705,.T.);
#2355=ORIENTED_EDGE('',*,*,#1707,.T.);
#2356=ORIENTED_EDGE('',*,*,#1674,.T.);
#2357=ORIENTED_EDGE('',*,*,#1688,.T.);
#2358=ORIENTED_EDGE('',*,*,#1691,.T.);
#2359=ORIENTED_EDGE('',*,*,#1708,.F.);
#2360=ORIENTED_EDGE('',*,*,#1709,.T.);
#2361=ORIENTED_EDGE('',*,*,#1710,.F.);
#2362=ORIENTED_EDGE('',*,*,#1709,.F.);
#2363=ORIENTED_EDGE('',*,*,#1710,.T.);
#2364=ORIENTED_EDGE('',*,*,#1708,.T.);
#2365=PLANE('',#2642);
#2366=PLANE('',#2643);
#2367=PLANE('',#2644);
#2368=PLANE('',#2645);
#2369=PLANE('',#2726);
#2370=PLANE('',#2807);
#2371=PLANE('',#2808);
#2372=PLANE('',#2809);
#2373=PLANE('',#2900);
#2374=PLANE('',#2916);
#2375=PLANE('',#2920);
#2376=PLANE('',#2924);
#2377=PLANE('',#2925);
#2378=PLANE('',#2933);
#2379=PLANE('',#2937);
#2380=PLANE('',#2941);
#2381=PLANE('',#2943);
#2382=PLANE('',#2945);
#2383=PLANE('',#2947);
#2384=PLANE('',#2949);
#2385=PLANE('',#2950);
#2386=PLANE('',#2951);
#2387=PLANE('',#2952);
#2388=PLANE('',#2953);
#2389=PLANE('',#2954);
#2390=PLANE('',#2958);
#2391=PLANE('',#2959);
#2392=ADVANCED_FACE('',(#471),#2365,.T.);
#2393=ADVANCED_FACE('',(#472),#2366,.T.);
#2394=ADVANCED_FACE('',(#473),#2367,.T.);
#2395=ADVANCED_FACE('',(#474,#120,#121,#122,#123,#124,#125,#126,#127,#128,
#129,#130,#131,#132,#133,#134,#135,#136,#137,#138,#139,#140,#141,#142,#143,
#144,#145,#146,#147,#148,#149,#150,#151,#152,#153,#154,#155,#156,#157,#158,
#159,#160,#161,#162,#163,#164,#165,#166,#167,#168,#169,#170,#171,#172,#173,
#174,#175,#176,#177,#178,#179,#180,#181,#182,#183,#184,#185,#186,#187,#188,
#189,#190,#191,#192,#193,#194,#195,#196,#197,#198,#199),#2368,.F.);
#2396=ADVANCED_FACE('',(#475,#200,#201,#202,#203,#204,#205,#206,#207,#208,
#209,#210,#211,#212,#213,#214,#215,#216,#217,#218,#219,#220,#221,#222,#223,
#224,#225,#226,#227,#228,#229,#230,#231,#232,#233,#234,#235,#236,#237,#238,
#239,#240,#241,#242,#243,#244,#245,#246,#247,#248,#249,#250,#251,#252,#253,
#254,#255,#256,#257,#258,#259,#260,#261,#262,#263,#264,#265,#266,#267,#268,
#269,#270,#271,#272,#273,#274,#275,#276,#277,#278,#279),#2369,.T.);
#2397=ADVANCED_FACE('',(#476),#2370,.T.);
#2398=ADVANCED_FACE('',(#477),#2371,.T.);
#2399=ADVANCED_FACE('',(#478),#2372,.T.);
#2400=ADVANCED_FACE('',(#479),#25,.F.);
#2401=ADVANCED_FACE('',(#480),#26,.F.);
#2402=ADVANCED_FACE('',(#481),#27,.F.);
#2403=ADVANCED_FACE('',(#482),#28,.F.);
#2404=ADVANCED_FACE('',(#483),#29,.F.);
#2405=ADVANCED_FACE('',(#484),#30,.F.);
#2406=ADVANCED_FACE('',(#485),#31,.F.);
#2407=ADVANCED_FACE('',(#486),#32,.F.);
#2408=ADVANCED_FACE('',(#487),#33,.F.);
#2409=ADVANCED_FACE('',(#488),#34,.F.);
#2410=ADVANCED_FACE('',(#489),#35,.F.);
#2411=ADVANCED_FACE('',(#490),#36,.F.);
#2412=ADVANCED_FACE('',(#491),#37,.F.);
#2413=ADVANCED_FACE('',(#492),#38,.F.);
#2414=ADVANCED_FACE('',(#493),#39,.F.);
#2415=ADVANCED_FACE('',(#494),#40,.F.);
#2416=ADVANCED_FACE('',(#495),#41,.F.);
#2417=ADVANCED_FACE('',(#496),#42,.F.);
#2418=ADVANCED_FACE('',(#497),#43,.F.);
#2419=ADVANCED_FACE('',(#498),#44,.F.);
#2420=ADVANCED_FACE('',(#499),#45,.F.);
#2421=ADVANCED_FACE('',(#500),#46,.F.);
#2422=ADVANCED_FACE('',(#501),#47,.F.);
#2423=ADVANCED_FACE('',(#502),#48,.F.);
#2424=ADVANCED_FACE('',(#503),#49,.F.);
#2425=ADVANCED_FACE('',(#504),#50,.F.);
#2426=ADVANCED_FACE('',(#505),#51,.F.);
#2427=ADVANCED_FACE('',(#506),#52,.F.);
#2428=ADVANCED_FACE('',(#507),#53,.F.);
#2429=ADVANCED_FACE('',(#508),#54,.F.);
#2430=ADVANCED_FACE('',(#509),#55,.F.);
#2431=ADVANCED_FACE('',(#510),#56,.F.);
#2432=ADVANCED_FACE('',(#511),#57,.F.);
#2433=ADVANCED_FACE('',(#512),#58,.F.);
#2434=ADVANCED_FACE('',(#513),#59,.F.);
#2435=ADVANCED_FACE('',(#514),#60,.F.);
#2436=ADVANCED_FACE('',(#515),#61,.F.);
#2437=ADVANCED_FACE('',(#516),#62,.F.);
#2438=ADVANCED_FACE('',(#517),#63,.F.);
#2439=ADVANCED_FACE('',(#518),#64,.F.);
#2440=ADVANCED_FACE('',(#519),#65,.F.);
#2441=ADVANCED_FACE('',(#520),#66,.F.);
#2442=ADVANCED_FACE('',(#521),#67,.F.);
#2443=ADVANCED_FACE('',(#522),#68,.F.);
#2444=ADVANCED_FACE('',(#523),#69,.F.);
#2445=ADVANCED_FACE('',(#524),#70,.F.);
#2446=ADVANCED_FACE('',(#525),#71,.F.);
#2447=ADVANCED_FACE('',(#526),#72,.F.);
#2448=ADVANCED_FACE('',(#527),#73,.F.);
#2449=ADVANCED_FACE('',(#528),#74,.F.);
#2450=ADVANCED_FACE('',(#529),#75,.F.);
#2451=ADVANCED_FACE('',(#530),#76,.F.);
#2452=ADVANCED_FACE('',(#531),#77,.F.);
#2453=ADVANCED_FACE('',(#532),#78,.F.);
#2454=ADVANCED_FACE('',(#533),#79,.F.);
#2455=ADVANCED_FACE('',(#534),#80,.F.);
#2456=ADVANCED_FACE('',(#535),#81,.F.);
#2457=ADVANCED_FACE('',(#536),#82,.F.);
#2458=ADVANCED_FACE('',(#537),#83,.F.);
#2459=ADVANCED_FACE('',(#538),#84,.F.);
#2460=ADVANCED_FACE('',(#539),#85,.F.);
#2461=ADVANCED_FACE('',(#540),#86,.F.);
#2462=ADVANCED_FACE('',(#541),#87,.F.);
#2463=ADVANCED_FACE('',(#542),#88,.F.);
#2464=ADVANCED_FACE('',(#543),#89,.F.);
#2465=ADVANCED_FACE('',(#544),#90,.F.);
#2466=ADVANCED_FACE('',(#545),#91,.F.);
#2467=ADVANCED_FACE('',(#546),#92,.F.);
#2468=ADVANCED_FACE('',(#547),#93,.F.);
#2469=ADVANCED_FACE('',(#548),#94,.F.);
#2470=ADVANCED_FACE('',(#549),#95,.F.);
#2471=ADVANCED_FACE('',(#550),#96,.F.);
#2472=ADVANCED_FACE('',(#551),#97,.F.);
#2473=ADVANCED_FACE('',(#552),#98,.F.);
#2474=ADVANCED_FACE('',(#553),#99,.F.);
#2475=ADVANCED_FACE('',(#554),#100,.F.);
#2476=ADVANCED_FACE('',(#555),#101,.F.);
#2477=ADVANCED_FACE('',(#556),#102,.F.);
#2478=ADVANCED_FACE('',(#557),#103,.F.);
#2479=ADVANCED_FACE('',(#558),#104,.F.);
#2480=ADVANCED_FACE('',(#559,#280),#2373,.T.);
#2481=ADVANCED_FACE('',(#560),#105,.T.);
#2482=ADVANCED_FACE('',(#561),#106,.T.);
#2483=ADVANCED_FACE('',(#562),#107,.T.);
#2484=ADVANCED_FACE('',(#563),#108,.T.);
#2485=ADVANCED_FACE('',(#564),#109,.F.);
#2486=ADVANCED_FACE('',(#565),#2374,.T.);
#2487=ADVANCED_FACE('',(#566),#110,.F.);
#2488=ADVANCED_FACE('',(#567),#2375,.T.);
#2489=ADVANCED_FACE('',(#568),#111,.T.);
#2490=ADVANCED_FACE('',(#569,#281),#2376,.T.);
#2491=ADVANCED_FACE('',(#570),#2377,.F.);
#2492=ADVANCED_FACE('',(#571),#112,.F.);
#2493=ADVANCED_FACE('',(#572),#2378,.T.);
#2494=ADVANCED_FACE('',(#573),#113,.T.);
#2495=ADVANCED_FACE('',(#574,#282),#2379,.T.);
#2496=ADVANCED_FACE('',(#575),#114,.T.);
#2497=ADVANCED_FACE('',(#576,#283),#2380,.T.);
#2498=ADVANCED_FACE('',(#577),#115,.T.);
#2499=ADVANCED_FACE('',(#578,#284),#2381,.T.);
#2500=ADVANCED_FACE('',(#579),#116,.T.);
#2501=ADVANCED_FACE('',(#580),#2382,.T.);
#2502=ADVANCED_FACE('',(#581),#117,.T.);
#2503=ADVANCED_FACE('',(#582),#2383,.T.);
#2504=ADVANCED_FACE('',(#583),#118,.T.);
#2505=ADVANCED_FACE('',(#584),#2384,.T.);
#2506=ADVANCED_FACE('',(#585),#2385,.T.);
#2507=ADVANCED_FACE('',(#586,#285),#2386,.T.);
#2508=ADVANCED_FACE('',(#587),#2387,.T.);
#2509=ADVANCED_FACE('',(#588),#2388,.T.);
#2510=ADVANCED_FACE('',(#589,#286,#287,#288),#2389,.T.);
#2511=ADVANCED_FACE('',(#590),#119,.T.);
#2512=ADVANCED_FACE('',(#591),#2390,.T.);
#2513=ADVANCED_FACE('',(#592),#2391,.F.);
#2514=CLOSED_SHELL('',(#2392,#2393,#2394,#2395,#2396,#2397,#2398,#2399,
#2400,#2401,#2402,#2403,#2404,#2405,#2406,#2407,#2408,#2409,#2410,#2411,
#2412,#2413,#2414,#2415,#2416,#2417,#2418,#2419,#2420,#2421,#2422,#2423,
#2424,#2425,#2426,#2427,#2428,#2429,#2430,#2431,#2432,#2433,#2434,#2435,
#2436,#2437,#2438,#2439,#2440,#2441,#2442,#2443,#2444,#2445,#2446,#2447,
#2448,#2449,#2450,#2451,#2452,#2453,#2454,#2455,#2456,#2457,#2458,#2459,
#2460,#2461,#2462,#2463,#2464,#2465,#2466,#2467,#2468,#2469,#2470,#2471,
#2472,#2473,#2474,#2475,#2476,#2477,#2478,#2479));
#2515=CLOSED_SHELL('',(#2480,#2481,#2482,#2483,#2484,#2485,#2486,#2487,
#2488,#2489,#2490,#2491,#2492,#2493,#2494,#2495,#2496,#2497,#2498,#2499,
#2500,#2501,#2502,#2503,#2504,#2505,#2506,#2507,#2508,#2509,#2510));
#2516=CLOSED_SHELL('',(#2511,#2512,#2513));
#2517=ITEM_DEFINED_TRANSFORMATION($,$,#2631,#2632);
#2518=ITEM_DEFINED_TRANSFORMATION($,$,#2631,#2633);
#2519=ITEM_DEFINED_TRANSFORMATION($,$,#2631,#2634);
#2520=ITEM_DEFINED_TRANSFORMATION($,$,#2631,#2635);
#2521=ITEM_DEFINED_TRANSFORMATION($,$,#2631,#2636);
#2522=ITEM_DEFINED_TRANSFORMATION($,$,#2631,#2637);
#2523=ITEM_DEFINED_TRANSFORMATION($,$,#2631,#2638);
#2524=ITEM_DEFINED_TRANSFORMATION($,$,#2631,#2639);
#2525=ITEM_DEFINED_TRANSFORMATION($,$,#2631,#2640);
#2526=ITEM_DEFINED_TRANSFORMATION($,$,#2622,#2890);
#2527=ITEM_DEFINED_TRANSFORMATION($,$,#2623,#2891);
#2528=ITEM_DEFINED_TRANSFORMATION($,$,#2624,#2892);
#2529=ITEM_DEFINED_TRANSFORMATION($,$,#2625,#2893);
#2530=ITEM_DEFINED_TRANSFORMATION($,$,#2626,#2894);
#2531=ITEM_DEFINED_TRANSFORMATION($,$,#2627,#2895);
#2532=ITEM_DEFINED_TRANSFORMATION($,$,#2628,#2896);
#2533=ITEM_DEFINED_TRANSFORMATION($,$,#2629,#2897);
#2534=ITEM_DEFINED_TRANSFORMATION($,$,#2630,#2898);
#2535=ITEM_DEFINED_TRANSFORMATION($,$,#2641,#2899);
#2536=ITEM_DEFINED_TRANSFORMATION($,$,#2621,#2960);
#2537=(
REPRESENTATION_RELATIONSHIP($,$,#4573,#4564)
REPRESENTATION_RELATIONSHIP_WITH_TRANSFORMATION(#2517)
SHAPE_REPRESENTATION_RELATIONSHIP()
);
#2538=(
REPRESENTATION_RELATIONSHIP($,$,#4573,#4565)
REPRESENTATION_RELATIONSHIP_WITH_TRANSFORMATION(#2518)
SHAPE_REPRESENTATION_RELATIONSHIP()
);
#2539=(
REPRESENTATION_RELATIONSHIP($,$,#4573,#4566)
REPRESENTATION_RELATIONSHIP_WITH_TRANSFORMATION(#2519)
SHAPE_REPRESENTATION_RELATIONSHIP()
);
#2540=(
REPRESENTATION_RELATIONSHIP($,$,#4573,#4567)
REPRESENTATION_RELATIONSHIP_WITH_TRANSFORMATION(#2520)
SHAPE_REPRESENTATION_RELATIONSHIP()
);
#2541=(
REPRESENTATION_RELATIONSHIP($,$,#4573,#4568)
REPRESENTATION_RELATIONSHIP_WITH_TRANSFORMATION(#2521)
SHAPE_REPRESENTATION_RELATIONSHIP()
);
#2542=(
REPRESENTATION_RELATIONSHIP($,$,#4573,#4569)
REPRESENTATION_RELATIONSHIP_WITH_TRANSFORMATION(#2522)
SHAPE_REPRESENTATION_RELATIONSHIP()
);
#2543=(
REPRESENTATION_RELATIONSHIP($,$,#4573,#4570)
REPRESENTATION_RELATIONSHIP_WITH_TRANSFORMATION(#2523)
SHAPE_REPRESENTATION_RELATIONSHIP()
);
#2544=(
REPRESENTATION_RELATIONSHIP($,$,#4573,#4571)
REPRESENTATION_RELATIONSHIP_WITH_TRANSFORMATION(#2524)
SHAPE_REPRESENTATION_RELATIONSHIP()
);
#2545=(
REPRESENTATION_RELATIONSHIP($,$,#4573,#4572)
REPRESENTATION_RELATIONSHIP_WITH_TRANSFORMATION(#2525)
SHAPE_REPRESENTATION_RELATIONSHIP()
);
#2546=(
REPRESENTATION_RELATIONSHIP($,$,#4564,#4563)
REPRESENTATION_RELATIONSHIP_WITH_TRANSFORMATION(#2526)
SHAPE_REPRESENTATION_RELATIONSHIP()
);
#2547=(
REPRESENTATION_RELATIONSHIP($,$,#4565,#4563)
REPRESENTATION_RELATIONSHIP_WITH_TRANSFORMATION(#2527)
SHAPE_REPRESENTATION_RELATIONSHIP()
);
#2548=(
REPRESENTATION_RELATIONSHIP($,$,#4566,#4563)
REPRESENTATION_RELATIONSHIP_WITH_TRANSFORMATION(#2528)
SHAPE_REPRESENTATION_RELATIONSHIP()
);
#2549=(
REPRESENTATION_RELATIONSHIP($,$,#4567,#4563)
REPRESENTATION_RELATIONSHIP_WITH_TRANSFORMATION(#2529)
SHAPE_REPRESENTATION_RELATIONSHIP()
);
#2550=(
REPRESENTATION_RELATIONSHIP($,$,#4568,#4563)
REPRESENTATION_RELATIONSHIP_WITH_TRANSFORMATION(#2530)
SHAPE_REPRESENTATION_RELATIONSHIP()
);
#2551=(
REPRESENTATION_RELATIONSHIP($,$,#4569,#4563)
REPRESENTATION_RELATIONSHIP_WITH_TRANSFORMATION(#2531)
SHAPE_REPRESENTATION_RELATIONSHIP()
);
#2552=(
REPRESENTATION_RELATIONSHIP($,$,#4570,#4563)
REPRESENTATION_RELATIONSHIP_WITH_TRANSFORMATION(#2532)
SHAPE_REPRESENTATION_RELATIONSHIP()
);
#2553=(
REPRESENTATION_RELATIONSHIP($,$,#4571,#4563)
REPRESENTATION_RELATIONSHIP_WITH_TRANSFORMATION(#2533)
SHAPE_REPRESENTATION_RELATIONSHIP()
);
#2554=(
REPRESENTATION_RELATIONSHIP($,$,#4572,#4563)
REPRESENTATION_RELATIONSHIP_WITH_TRANSFORMATION(#2534)
SHAPE_REPRESENTATION_RELATIONSHIP()
);
#2555=(
REPRESENTATION_RELATIONSHIP($,$,#4574,#4563)
REPRESENTATION_RELATIONSHIP_WITH_TRANSFORMATION(#2535)
SHAPE_REPRESENTATION_RELATIONSHIP()
);
#2556=(
REPRESENTATION_RELATIONSHIP($,$,#4563,#4562)
REPRESENTATION_RELATIONSHIP_WITH_TRANSFORMATION(#2536)
SHAPE_REPRESENTATION_RELATIONSHIP()
);
#2557=CONTEXT_DEPENDENT_SHAPE_REPRESENTATION(#2537,#4541);
#2558=CONTEXT_DEPENDENT_SHAPE_REPRESENTATION(#2538,#4542);
#2559=CONTEXT_DEPENDENT_SHAPE_REPRESENTATION(#2539,#4543);
#2560=CONTEXT_DEPENDENT_SHAPE_REPRESENTATION(#2540,#4544);
#2561=CONTEXT_DEPENDENT_SHAPE_REPRESENTATION(#2541,#4545);
#2562=CONTEXT_DEPENDENT_SHAPE_REPRESENTATION(#2542,#4546);
#2563=CONTEXT_DEPENDENT_SHAPE_REPRESENTATION(#2543,#4547);
#2564=CONTEXT_DEPENDENT_SHAPE_REPRESENTATION(#2544,#4548);
#2565=CONTEXT_DEPENDENT_SHAPE_REPRESENTATION(#2545,#4549);
#2566=CONTEXT_DEPENDENT_SHAPE_REPRESENTATION(#2546,#4551);
#2567=CONTEXT_DEPENDENT_SHAPE_REPRESENTATION(#2547,#4552);
#2568=CONTEXT_DEPENDENT_SHAPE_REPRESENTATION(#2548,#4553);
#2569=CONTEXT_DEPENDENT_SHAPE_REPRESENTATION(#2549,#4554);
#2570=CONTEXT_DEPENDENT_SHAPE_REPRESENTATION(#2550,#4555);
#2571=CONTEXT_DEPENDENT_SHAPE_REPRESENTATION(#2551,#4556);
#2572=CONTEXT_DEPENDENT_SHAPE_REPRESENTATION(#2552,#4557);
#2573=CONTEXT_DEPENDENT_SHAPE_REPRESENTATION(#2553,#4558);
#2574=CONTEXT_DEPENDENT_SHAPE_REPRESENTATION(#2554,#4559);
#2575=CONTEXT_DEPENDENT_SHAPE_REPRESENTATION(#2555,#4560);
#2576=CONTEXT_DEPENDENT_SHAPE_REPRESENTATION(#2556,#4561);
#2577=NEXT_ASSEMBLY_USAGE_OCCURRENCE(
'D_DO-35_SOD27_P7.62mm_Horizontal:1',
'D_DO-35_SOD27_P7.62mm_Horizontal:1',
'D_DO-35_SOD27_P7.62mm_Horizontal:1',#4578,#4587,
'D_DO-35_SOD27_P7.62mm_Horizontal:1');
#2578=NEXT_ASSEMBLY_USAGE_OCCURRENCE(
'D_DO-35_SOD27_P7.62mm_Horizontal:1',
'D_DO-35_SOD27_P7.62mm_Horizontal:1',
'D_DO-35_SOD27_P7.62mm_Horizontal:1',#4579,#4587,
'D_DO-35_SOD27_P7.62mm_Horizontal:1');
#2579=NEXT_ASSEMBLY_USAGE_OCCURRENCE(
'D_DO-35_SOD27_P7.62mm_Horizontal:1',
'D_DO-35_SOD27_P7.62mm_Horizontal:1',
'D_DO-35_SOD27_P7.62mm_Horizontal:1',#4580,#4587,
'D_DO-35_SOD27_P7.62mm_Horizontal:1');
#2580=NEXT_ASSEMBLY_USAGE_OCCURRENCE(
'D_DO-35_SOD27_P7.62mm_Horizontal:1',
'D_DO-35_SOD27_P7.62mm_Horizontal:1',
'D_DO-35_SOD27_P7.62mm_Horizontal:1',#4581,#4587,
'D_DO-35_SOD27_P7.62mm_Horizontal:1');
#2581=NEXT_ASSEMBLY_USAGE_OCCURRENCE(
'D_DO-35_SOD27_P7.62mm_Horizontal:1',
'D_DO-35_SOD27_P7.62mm_Horizontal:1',
'D_DO-35_SOD27_P7.62mm_Horizontal:1',#4582,#4587,
'D_DO-35_SOD27_P7.62mm_Horizontal:1');
#2582=NEXT_ASSEMBLY_USAGE_OCCURRENCE(
'D_DO-35_SOD27_P7.62mm_Horizontal:1',
'D_DO-35_SOD27_P7.62mm_Horizontal:1',
'D_DO-35_SOD27_P7.62mm_Horizontal:1',#4583,#4587,
'D_DO-35_SOD27_P7.62mm_Horizontal:1');
#2583=NEXT_ASSEMBLY_USAGE_OCCURRENCE(
'D_DO-35_SOD27_P7.62mm_Horizontal:1',
'D_DO-35_SOD27_P7.62mm_Horizontal:1',
'D_DO-35_SOD27_P7.62mm_Horizontal:1',#4584,#4587,
'D_DO-35_SOD27_P7.62mm_Horizontal:1');
#2584=NEXT_ASSEMBLY_USAGE_OCCURRENCE(
'D_DO-35_SOD27_P7.62mm_Horizontal:1',
'D_DO-35_SOD27_P7.62mm_Horizontal:1',
'D_DO-35_SOD27_P7.62mm_Horizontal:1',#4585,#4587,
'D_DO-35_SOD27_P7.62mm_Horizontal:1');
#2585=NEXT_ASSEMBLY_USAGE_OCCURRENCE(
'D_DO-35_SOD27_P7.62mm_Horizontal:1',
'D_DO-35_SOD27_P7.62mm_Horizontal:1',
'D_DO-35_SOD27_P7.62mm_Horizontal:1',#4586,#4587,
'D_DO-35_SOD27_P7.62mm_Horizontal:1');
#2586=NEXT_ASSEMBLY_USAGE_OCCURRENCE(
'D_DO-35_SOD27_P7.62mm_Horizontal (1):1',
'D_DO-35_SOD27_P7.62mm_Horizontal (1):1',
'D_DO-35_SOD27_P7.62mm_Horizontal (1):1',#4577,#4578,
'D_DO-35_SOD27_P7.62mm_Horizontal (1):1');
#2587=NEXT_ASSEMBLY_USAGE_OCCURRENCE(
'D_DO-35_SOD27_P7.62mm_Horizontal (1):2',
'D_DO-35_SOD27_P7.62mm_Horizontal (1):2',
'D_DO-35_SOD27_P7.62mm_Horizontal (1):2',#4577,#4579,
'D_DO-35_SOD27_P7.62mm_Horizontal (1):2');
#2588=NEXT_ASSEMBLY_USAGE_OCCURRENCE(
'D_DO-35_SOD27_P7.62mm_Horizontal (1):3',
'D_DO-35_SOD27_P7.62mm_Horizontal (1):3',
'D_DO-35_SOD27_P7.62mm_Horizontal (1):3',#4577,#4580,
'D_DO-35_SOD27_P7.62mm_Horizontal (1):3');
#2589=NEXT_ASSEMBLY_USAGE_OCCURRENCE(
'D_DO-35_SOD27_P7.62mm_Horizontal (1):4',
'D_DO-35_SOD27_P7.62mm_Horizontal (1):4',
'D_DO-35_SOD27_P7.62mm_Horizontal (1):4',#4577,#4581,
'D_DO-35_SOD27_P7.62mm_Horizontal (1):4');
#2590=NEXT_ASSEMBLY_USAGE_OCCURRENCE(
'D_DO-35_SOD27_P7.62mm_Horizontal (1):5',
'D_DO-35_SOD27_P7.62mm_Horizontal (1):5',
'D_DO-35_SOD27_P7.62mm_Horizontal (1):5',#4577,#4582,
'D_DO-35_SOD27_P7.62mm_Horizontal (1):5');
#2591=NEXT_ASSEMBLY_USAGE_OCCURRENCE(
'D_DO-35_SOD27_P7.62mm_Horizontal (1):6',
'D_DO-35_SOD27_P7.62mm_Horizontal (1):6',
'D_DO-35_SOD27_P7.62mm_Horizontal (1):6',#4577,#4583,
'D_DO-35_SOD27_P7.62mm_Horizontal (1):6');
#2592=NEXT_ASSEMBLY_USAGE_OCCURRENCE(
'D_DO-35_SOD27_P7.62mm_Horizontal (1):7',
'D_DO-35_SOD27_P7.62mm_Horizontal (1):7',
'D_DO-35_SOD27_P7.62mm_Horizontal (1):7',#4577,#4584,
'D_DO-35_SOD27_P7.62mm_Horizontal (1):7');
#2593=NEXT_ASSEMBLY_USAGE_OCCURRENCE(
'D_DO-35_SOD27_P7.62mm_Horizontal (1):8',
'D_DO-35_SOD27_P7.62mm_Horizontal (1):8',
'D_DO-35_SOD27_P7.62mm_Horizontal (1):8',#4577,#4585,
'D_DO-35_SOD27_P7.62mm_Horizontal (1):8');
#2594=NEXT_ASSEMBLY_USAGE_OCCURRENCE(
'D_DO-35_SOD27_P7.62mm_Horizontal (1):9',
'D_DO-35_SOD27_P7.62mm_Horizontal (1):9',
'D_DO-35_SOD27_P7.62mm_Horizontal (1):9',#4577,#4586,
'D_DO-35_SOD27_P7.62mm_Horizontal (1):9');
#2595=NEXT_ASSEMBLY_USAGE_OCCURRENCE('circuitss_PCB:1',
'circuitss_PCB:1','circuitss_PCB:1',#4577,#4588,'circuitss_PCB:1');
#2596=NEXT_ASSEMBLY_USAGE_OCCURRENCE('pcb:1','pcb:1','pcb:1',#4576,#4577,
'pcb:1');
#2597=DERIVED_UNIT_ELEMENT(#2601,1.);
#2598=DERIVED_UNIT_ELEMENT(#4513,-3.);
#2599=DERIVED_UNIT_ELEMENT(#2601,1.);
#2600=DERIVED_UNIT_ELEMENT(#4513,-3.);
#2601=(
MASS_UNIT()
NAMED_UNIT(*)
SI_UNIT(.KILO.,.GRAM.)
);
#2602=DERIVED_UNIT((#2597,#2598));
#2603=DERIVED_UNIT((#2599,#2600));
#2604=MEASURE_REPRESENTATION_ITEM('density measure',
POSITIVE_RATIO_MEASURE(7850.),#2602);
#2605=MEASURE_REPRESENTATION_ITEM('density measure',
POSITIVE_RATIO_MEASURE(7850.),#2603);
#2606=PROPERTY_DEFINITION_REPRESENTATION(#2616,#2610);
#2607=PROPERTY_DEFINITION_REPRESENTATION(#2617,#2611);
#2608=PROPERTY_DEFINITION_REPRESENTATION(#2618,#2612);
#2609=PROPERTY_DEFINITION_REPRESENTATION(#2619,#2613);
#2610=REPRESENTATION('material name',(#2614),#4509);
#2611=REPRESENTATION('density',(#2604),#4509);
#2612=REPRESENTATION('material name',(#2615),#4510);
#2613=REPRESENTATION('density',(#2605),#4510);
#2614=DESCRIPTIVE_REPRESENTATION_ITEM('Steel','Steel');
#2615=DESCRIPTIVE_REPRESENTATION_ITEM('Steel','Steel');
#2616=PROPERTY_DEFINITION('material property','material name',#4587);
#2617=PROPERTY_DEFINITION('material property','density of part',#4587);
#2618=PROPERTY_DEFINITION('material property','material name',#4588);
#2619=PROPERTY_DEFINITION('material property','density of part',#4588);
#2620=AXIS2_PLACEMENT_3D('',#3784,#2961,#2962);
#2621=AXIS2_PLACEMENT_3D('',#3785,#2963,#2964);
#2622=AXIS2_PLACEMENT_3D('',#3786,#2965,#2966);
#2623=AXIS2_PLACEMENT_3D('',#3787,#2967,#2968);
#2624=AXIS2_PLACEMENT_3D('',#3788,#2969,#2970);
#2625=AXIS2_PLACEMENT_3D('',#3789,#2971,#2972);
#2626=AXIS2_PLACEMENT_3D('',#3790,#2973,#2974);
#2627=AXIS2_PLACEMENT_3D('',#3791,#2975,#2976);
#2628=AXIS2_PLACEMENT_3D('',#3792,#2977,#2978);
#2629=AXIS2_PLACEMENT_3D('',#3793,#2979,#2980);
#2630=AXIS2_PLACEMENT_3D('',#3794,#2981,#2982);
#2631=AXIS2_PLACEMENT_3D('',#3795,#2983,#2984);
#2632=AXIS2_PLACEMENT_3D('',#3796,#2985,#2986);
#2633=AXIS2_PLACEMENT_3D('',#3797,#2987,#2988);
#2634=AXIS2_PLACEMENT_3D('',#3798,#2989,#2990);
#2635=AXIS2_PLACEMENT_3D('',#3799,#2991,#2992);
#2636=AXIS2_PLACEMENT_3D('',#3800,#2993,#2994);
#2637=AXIS2_PLACEMENT_3D('',#3801,#2995,#2996);
#2638=AXIS2_PLACEMENT_3D('',#3802,#2997,#2998);
#2639=AXIS2_PLACEMENT_3D('',#3803,#2999,#3000);
#2640=AXIS2_PLACEMENT_3D('',#3804,#3001,#3002);
#2641=AXIS2_PLACEMENT_3D('',#3805,#3003,#3004);
#2642=AXIS2_PLACEMENT_3D('',#3806,#3005,#3006);
#2643=AXIS2_PLACEMENT_3D('',#3815,#3011,#3012);
#2644=AXIS2_PLACEMENT_3D('',#3821,#3016,#3017);
#2645=AXIS2_PLACEMENT_3D('',#3827,#3021,#3022);
#2646=AXIS2_PLACEMENT_3D('',#3834,#3026,#3027);
#2647=AXIS2_PLACEMENT_3D('',#3836,#3028,#3029);
#2648=AXIS2_PLACEMENT_3D('',#3838,#3030,#3031);
#2649=AXIS2_PLACEMENT_3D('',#3840,#3032,#3033);
#2650=AXIS2_PLACEMENT_3D('',#3842,#3034,#3035);
#2651=AXIS2_PLACEMENT_3D('',#3844,#3036,#3037);
#2652=AXIS2_PLACEMENT_3D('',#3846,#3038,#3039);
#2653=AXIS2_PLACEMENT_3D('',#3848,#3040,#3041);
#2654=AXIS2_PLACEMENT_3D('',#3850,#3042,#3043);
#2655=AXIS2_PLACEMENT_3D('',#3852,#3044,#3045);
#2656=AXIS2_PLACEMENT_3D('',#3854,#3046,#3047);
#2657=AXIS2_PLACEMENT_3D('',#3856,#3048,#3049);
#2658=AXIS2_PLACEMENT_3D('',#3858,#3050,#3051);
#2659=AXIS2_PLACEMENT_3D('',#3860,#3052,#3053);
#2660=AXIS2_PLACEMENT_3D('',#3862,#3054,#3055);
#2661=AXIS2_PLACEMENT_3D('',#3864,#3056,#3057);
#2662=AXIS2_PLACEMENT_3D('',#3866,#3058,#3059);
#2663=AXIS2_PLACEMENT_3D('',#3868,#3060,#3061);
#2664=AXIS2_PLACEMENT_3D('',#3870,#3062,#3063);
#2665=AXIS2_PLACEMENT_3D('',#3872,#3064,#3065);
#2666=AXIS2_PLACEMENT_3D('',#3874,#3066,#3067);
#2667=AXIS2_PLACEMENT_3D('',#3876,#3068,#3069);
#2668=AXIS2_PLACEMENT_3D('',#3878,#3070,#3071);
#2669=AXIS2_PLACEMENT_3D('',#3880,#3072,#3073);
#2670=AXIS2_PLACEMENT_3D('',#3882,#3074,#3075);
#2671=AXIS2_PLACEMENT_3D('',#3884,#3076,#3077);
#2672=AXIS2_PLACEMENT_3D('',#3886,#3078,#3079);
#2673=AXIS2_PLACEMENT_3D('',#3888,#3080,#3081);
#2674=AXIS2_PLACEMENT_3D('',#3890,#3082,#3083);
#2675=AXIS2_PLACEMENT_3D('',#3892,#3084,#3085);
#2676=AXIS2_PLACEMENT_3D('',#3894,#3086,#3087);
#2677=AXIS2_PLACEMENT_3D('',#3896,#3088,#3089);
#2678=AXIS2_PLACEMENT_3D('',#3898,#3090,#3091);
#2679=AXIS2_PLACEMENT_3D('',#3900,#3092,#3093);
#2680=AXIS2_PLACEMENT_3D('',#3902,#3094,#3095);
#2681=AXIS2_PLACEMENT_3D('',#3904,#3096,#3097);
#2682=AXIS2_PLACEMENT_3D('',#3906,#3098,#3099);
#2683=AXIS2_PLACEMENT_3D('',#3908,#3100,#3101);
#2684=AXIS2_PLACEMENT_3D('',#3910,#3102,#3103);
#2685=AXIS2_PLACEMENT_3D('',#3912,#3104,#3105);
#2686=AXIS2_PLACEMENT_3D('',#3914,#3106,#3107);
#2687=AXIS2_PLACEMENT_3D('',#3916,#3108,#3109);
#2688=AXIS2_PLACEMENT_3D('',#3918,#3110,#3111);
#2689=AXIS2_PLACEMENT_3D('',#3920,#3112,#3113);
#2690=AXIS2_PLACEMENT_3D('',#3922,#3114,#3115);
#2691=AXIS2_PLACEMENT_3D('',#3924,#3116,#3117);
#2692=AXIS2_PLACEMENT_3D('',#3926,#3118,#3119);
#2693=AXIS2_PLACEMENT_3D('',#3928,#3120,#3121);
#2694=AXIS2_PLACEMENT_3D('',#3930,#3122,#3123);
#2695=AXIS2_PLACEMENT_3D('',#3932,#3124,#3125);
#2696=AXIS2_PLACEMENT_3D('',#3934,#3126,#3127);
#2697=AXIS2_PLACEMENT_3D('',#3936,#3128,#3129);
#2698=AXIS2_PLACEMENT_3D('',#3938,#3130,#3131);
#2699=AXIS2_PLACEMENT_3D('',#3940,#3132,#3133);
#2700=AXIS2_PLACEMENT_3D('',#3942,#3134,#3135);
#2701=AXIS2_PLACEMENT_3D('',#3944,#3136,#3137);
#2702=AXIS2_PLACEMENT_3D('',#3946,#3138,#3139);
#2703=AXIS2_PLACEMENT_3D('',#3948,#3140,#3141);
#2704=AXIS2_PLACEMENT_3D('',#3950,#3142,#3143);
#2705=AXIS2_PLACEMENT_3D('',#3952,#3144,#3145);
#2706=AXIS2_PLACEMENT_3D('',#3954,#3146,#3147);
#2707=AXIS2_PLACEMENT_3D('',#3956,#3148,#3149);
#2708=AXIS2_PLACEMENT_3D('',#3958,#3150,#3151);
#2709=AXIS2_PLACEMENT_3D('',#3960,#3152,#3153);
#2710=AXIS2_PLACEMENT_3D('',#3962,#3154,#3155);
#2711=AXIS2_PLACEMENT_3D('',#3964,#3156,#3157);
#2712=AXIS2_PLACEMENT_3D('',#3966,#3158,#3159);
#2713=AXIS2_PLACEMENT_3D('',#3968,#3160,#3161);
#2714=AXIS2_PLACEMENT_3D('',#3970,#3162,#3163);
#2715=AXIS2_PLACEMENT_3D('',#3972,#3164,#3165);
#2716=AXIS2_PLACEMENT_3D('',#3974,#3166,#3167);
#2717=AXIS2_PLACEMENT_3D('',#3976,#3168,#3169);
#2718=AXIS2_PLACEMENT_3D('',#3978,#3170,#3171);
#2719=AXIS2_PLACEMENT_3D('',#3980,#3172,#3173);
#2720=AXIS2_PLACEMENT_3D('',#3982,#3174,#3175);
#2721=AXIS2_PLACEMENT_3D('',#3984,#3176,#3177);
#2722=AXIS2_PLACEMENT_3D('',#3986,#3178,#3179);
#2723=AXIS2_PLACEMENT_3D('',#3988,#3180,#3181);
#2724=AXIS2_PLACEMENT_3D('',#3990,#3182,#3183);
#2725=AXIS2_PLACEMENT_3D('',#3992,#3184,#3185);
#2726=AXIS2_PLACEMENT_3D('',#3993,#3186,#3187);
#2727=AXIS2_PLACEMENT_3D('',#4000,#3191,#3192);
#2728=AXIS2_PLACEMENT_3D('',#4002,#3193,#3194);
#2729=AXIS2_PLACEMENT_3D('',#4004,#3195,#3196);
#2730=AXIS2_PLACEMENT_3D('',#4006,#3197,#3198);
#2731=AXIS2_PLACEMENT_3D('',#4008,#3199,#3200);
#2732=AXIS2_PLACEMENT_3D('',#4010,#3201,#3202);
#2733=AXIS2_PLACEMENT_3D('',#4012,#3203,#3204);
#2734=AXIS2_PLACEMENT_3D('',#4014,#3205,#3206);
#2735=AXIS2_PLACEMENT_3D('',#4016,#3207,#3208);
#2736=AXIS2_PLACEMENT_3D('',#4018,#3209,#3210);
#2737=AXIS2_PLACEMENT_3D('',#4020,#3211,#3212);
#2738=AXIS2_PLACEMENT_3D('',#4022,#3213,#3214);
#2739=AXIS2_PLACEMENT_3D('',#4024,#3215,#3216);
#2740=AXIS2_PLACEMENT_3D('',#4026,#3217,#3218);
#2741=AXIS2_PLACEMENT_3D('',#4028,#3219,#3220);
#2742=AXIS2_PLACEMENT_3D('',#4030,#3221,#3222);
#2743=AXIS2_PLACEMENT_3D('',#4032,#3223,#3224);
#2744=AXIS2_PLACEMENT_3D('',#4034,#3225,#3226);
#2745=AXIS2_PLACEMENT_3D('',#4036,#3227,#3228);
#2746=AXIS2_PLACEMENT_3D('',#4038,#3229,#3230);
#2747=AXIS2_PLACEMENT_3D('',#4040,#3231,#3232);
#2748=AXIS2_PLACEMENT_3D('',#4042,#3233,#3234);
#2749=AXIS2_PLACEMENT_3D('',#4044,#3235,#3236);
#2750=AXIS2_PLACEMENT_3D('',#4046,#3237,#3238);
#2751=AXIS2_PLACEMENT_3D('',#4048,#3239,#3240);
#2752=AXIS2_PLACEMENT_3D('',#4050,#3241,#3242);
#2753=AXIS2_PLACEMENT_3D('',#4052,#3243,#3244);
#2754=AXIS2_PLACEMENT_3D('',#4054,#3245,#3246);
#2755=AXIS2_PLACEMENT_3D('',#4056,#3247,#3248);
#2756=AXIS2_PLACEMENT_3D('',#4058,#3249,#3250);
#2757=AXIS2_PLACEMENT_3D('',#4060,#3251,#3252);
#2758=AXIS2_PLACEMENT_3D('',#4062,#3253,#3254);
#2759=AXIS2_PLACEMENT_3D('',#4064,#3255,#3256);
#2760=AXIS2_PLACEMENT_3D('',#4066,#3257,#3258);
#2761=AXIS2_PLACEMENT_3D('',#4068,#3259,#3260);
#2762=AXIS2_PLACEMENT_3D('',#4070,#3261,#3262);
#2763=AXIS2_PLACEMENT_3D('',#4072,#3263,#3264);
#2764=AXIS2_PLACEMENT_3D('',#4074,#3265,#3266);
#2765=AXIS2_PLACEMENT_3D('',#4076,#3267,#3268);
#2766=AXIS2_PLACEMENT_3D('',#4078,#3269,#3270);
#2767=AXIS2_PLACEMENT_3D('',#4080,#3271,#3272);
#2768=AXIS2_PLACEMENT_3D('',#4082,#3273,#3274);
#2769=AXIS2_PLACEMENT_3D('',#4084,#3275,#3276);
#2770=AXIS2_PLACEMENT_3D('',#4086,#3277,#3278);
#2771=AXIS2_PLACEMENT_3D('',#4088,#3279,#3280);
#2772=AXIS2_PLACEMENT_3D('',#4090,#3281,#3282);
#2773=AXIS2_PLACEMENT_3D('',#4092,#3283,#3284);
#2774=AXIS2_PLACEMENT_3D('',#4094,#3285,#3286);
#2775=AXIS2_PLACEMENT_3D('',#4096,#3287,#3288);
#2776=AXIS2_PLACEMENT_3D('',#4098,#3289,#3290);
#2777=AXIS2_PLACEMENT_3D('',#4100,#3291,#3292);
#2778=AXIS2_PLACEMENT_3D('',#4102,#3293,#3294);
#2779=AXIS2_PLACEMENT_3D('',#4104,#3295,#3296);
#2780=AXIS2_PLACEMENT_3D('',#4106,#3297,#3298);
#2781=AXIS2_PLACEMENT_3D('',#4108,#3299,#3300);
#2782=AXIS2_PLACEMENT_3D('',#4110,#3301,#3302);
#2783=AXIS2_PLACEMENT_3D('',#4112,#3303,#3304);
#2784=AXIS2_PLACEMENT_3D('',#4114,#3305,#3306);
#2785=AXIS2_PLACEMENT_3D('',#4116,#3307,#3308);
#2786=AXIS2_PLACEMENT_3D('',#4118,#3309,#3310);
#2787=AXIS2_PLACEMENT_3D('',#4120,#3311,#3312);
#2788=AXIS2_PLACEMENT_3D('',#4122,#3313,#3314);
#2789=AXIS2_PLACEMENT_3D('',#4124,#3315,#3316);
#2790=AXIS2_PLACEMENT_3D('',#4126,#3317,#3318);
#2791=AXIS2_PLACEMENT_3D('',#4128,#3319,#3320);
#2792=AXIS2_PLACEMENT_3D('',#4130,#3321,#3322);
#2793=AXIS2_PLACEMENT_3D('',#4132,#3323,#3324);
#2794=AXIS2_PLACEMENT_3D('',#4134,#3325,#3326);
#2795=AXIS2_PLACEMENT_3D('',#4136,#3327,#3328);
#2796=AXIS2_PLACEMENT_3D('',#4138,#3329,#3330);
#2797=AXIS2_PLACEMENT_3D('',#4140,#3331,#3332);
#2798=AXIS2_PLACEMENT_3D('',#4142,#3333,#3334);
#2799=AXIS2_PLACEMENT_3D('',#4144,#3335,#3336);
#2800=AXIS2_PLACEMENT_3D('',#4146,#3337,#3338);
#2801=AXIS2_PLACEMENT_3D('',#4148,#3339,#3340);
#2802=AXIS2_PLACEMENT_3D('',#4150,#3341,#3342);
#2803=AXIS2_PLACEMENT_3D('',#4152,#3343,#3344);
#2804=AXIS2_PLACEMENT_3D('',#4154,#3345,#3346);
#2805=AXIS2_PLACEMENT_3D('',#4156,#3347,#3348);
#2806=AXIS2_PLACEMENT_3D('',#4158,#3349,#3350);
#2807=AXIS2_PLACEMENT_3D('',#4159,#3351,#3352);
#2808=AXIS2_PLACEMENT_3D('',#4161,#3354,#3355);
#2809=AXIS2_PLACEMENT_3D('',#4163,#3357,#3358);
#2810=AXIS2_PLACEMENT_3D('',#4164,#3359,#3360);
#2811=AXIS2_PLACEMENT_3D('',#4166,#3362,#3363);
#2812=AXIS2_PLACEMENT_3D('',#4168,#3365,#3366);
#2813=AXIS2_PLACEMENT_3D('',#4170,#3368,#3369);
#2814=AXIS2_PLACEMENT_3D('',#4172,#3371,#3372);
#2815=AXIS2_PLACEMENT_3D('',#4174,#3374,#3375);
#2816=AXIS2_PLACEMENT_3D('',#4176,#3377,#3378);
#2817=AXIS2_PLACEMENT_3D('',#4178,#3380,#3381);
#2818=AXIS2_PLACEMENT_3D('',#4180,#3383,#3384);
#2819=AXIS2_PLACEMENT_3D('',#4182,#3386,#3387);
#2820=AXIS2_PLACEMENT_3D('',#4184,#3389,#3390);
#2821=AXIS2_PLACEMENT_3D('',#4186,#3392,#3393);
#2822=AXIS2_PLACEMENT_3D('',#4188,#3395,#3396);
#2823=AXIS2_PLACEMENT_3D('',#4190,#3398,#3399);
#2824=AXIS2_PLACEMENT_3D('',#4192,#3401,#3402);
#2825=AXIS2_PLACEMENT_3D('',#4194,#3404,#3405);
#2826=AXIS2_PLACEMENT_3D('',#4196,#3407,#3408);
#2827=AXIS2_PLACEMENT_3D('',#4198,#3410,#3411);
#2828=AXIS2_PLACEMENT_3D('',#4200,#3413,#3414);
#2829=AXIS2_PLACEMENT_3D('',#4202,#3416,#3417);
#2830=AXIS2_PLACEMENT_3D('',#4204,#3419,#3420);
#2831=AXIS2_PLACEMENT_3D('',#4206,#3422,#3423);
#2832=AXIS2_PLACEMENT_3D('',#4208,#3425,#3426);
#2833=AXIS2_PLACEMENT_3D('',#4210,#3428,#3429);
#2834=AXIS2_PLACEMENT_3D('',#4212,#3431,#3432);
#2835=AXIS2_PLACEMENT_3D('',#4214,#3434,#3435);
#2836=AXIS2_PLACEMENT_3D('',#4216,#3437,#3438);
#2837=AXIS2_PLACEMENT_3D('',#4218,#3440,#3441);
#2838=AXIS2_PLACEMENT_3D('',#4220,#3443,#3444);
#2839=AXIS2_PLACEMENT_3D('',#4222,#3446,#3447);
#2840=AXIS2_PLACEMENT_3D('',#4224,#3449,#3450);
#2841=AXIS2_PLACEMENT_3D('',#4226,#3452,#3453);
#2842=AXIS2_PLACEMENT_3D('',#4228,#3455,#3456);
#2843=AXIS2_PLACEMENT_3D('',#4230,#3458,#3459);
#2844=AXIS2_PLACEMENT_3D('',#4232,#3461,#3462);
#2845=AXIS2_PLACEMENT_3D('',#4234,#3464,#3465);
#2846=AXIS2_PLACEMENT_3D('',#4236,#3467,#3468);
#2847=AXIS2_PLACEMENT_3D('',#4238,#3470,#3471);
#2848=AXIS2_PLACEMENT_3D('',#4240,#3473,#3474);
#2849=AXIS2_PLACEMENT_3D('',#4242,#3476,#3477);
#2850=AXIS2_PLACEMENT_3D('',#4244,#3479,#3480);
#2851=AXIS2_PLACEMENT_3D('',#4246,#3482,#3483);
#2852=AXIS2_PLACEMENT_3D('',#4248,#3485,#3486);
#2853=AXIS2_PLACEMENT_3D('',#4250,#3488,#3489);
#2854=AXIS2_PLACEMENT_3D('',#4252,#3491,#3492);
#2855=AXIS2_PLACEMENT_3D('',#4254,#3494,#3495);
#2856=AXIS2_PLACEMENT_3D('',#4256,#3497,#3498);
#2857=AXIS2_PLACEMENT_3D('',#4258,#3500,#3501);
#2858=AXIS2_PLACEMENT_3D('',#4260,#3503,#3504);
#2859=AXIS2_PLACEMENT_3D('',#4262,#3506,#3507);
#2860=AXIS2_PLACEMENT_3D('',#4264,#3509,#3510);
#2861=AXIS2_PLACEMENT_3D('',#4266,#3512,#3513);
#2862=AXIS2_PLACEMENT_3D('',#4268,#3515,#3516);
#2863=AXIS2_PLACEMENT_3D('',#4270,#3518,#3519);
#2864=AXIS2_PLACEMENT_3D('',#4272,#3521,#3522);
#2865=AXIS2_PLACEMENT_3D('',#4274,#3524,#3525);
#2866=AXIS2_PLACEMENT_3D('',#4276,#3527,#3528);
#2867=AXIS2_PLACEMENT_3D('',#4278,#3530,#3531);
#2868=AXIS2_PLACEMENT_3D('',#4280,#3533,#3534);
#2869=AXIS2_PLACEMENT_3D('',#4282,#3536,#3537);
#2870=AXIS2_PLACEMENT_3D('',#4284,#3539,#3540);
#2871=AXIS2_PLACEMENT_3D('',#4286,#3542,#3543);
#2872=AXIS2_PLACEMENT_3D('',#4288,#3545,#3546);
#2873=AXIS2_PLACEMENT_3D('',#4290,#3548,#3549);
#2874=AXIS2_PLACEMENT_3D('',#4292,#3551,#3552);
#2875=AXIS2_PLACEMENT_3D('',#4294,#3554,#3555);
#2876=AXIS2_PLACEMENT_3D('',#4296,#3557,#3558);
#2877=AXIS2_PLACEMENT_3D('',#4298,#3560,#3561);
#2878=AXIS2_PLACEMENT_3D('',#4300,#3563,#3564);
#2879=AXIS2_PLACEMENT_3D('',#4302,#3566,#3567);
#2880=AXIS2_PLACEMENT_3D('',#4304,#3569,#3570);
#2881=AXIS2_PLACEMENT_3D('',#4306,#3572,#3573);
#2882=AXIS2_PLACEMENT_3D('',#4308,#3575,#3576);
#2883=AXIS2_PLACEMENT_3D('',#4310,#3578,#3579);
#2884=AXIS2_PLACEMENT_3D('',#4312,#3581,#3582);
#2885=AXIS2_PLACEMENT_3D('',#4314,#3584,#3585);
#2886=AXIS2_PLACEMENT_3D('',#4316,#3587,#3588);
#2887=AXIS2_PLACEMENT_3D('',#4318,#3590,#3591);
#2888=AXIS2_PLACEMENT_3D('',#4320,#3593,#3594);
#2889=AXIS2_PLACEMENT_3D('',#4322,#3596,#3597);
#2890=AXIS2_PLACEMENT_3D('',#4324,#3599,#3600);
#2891=AXIS2_PLACEMENT_3D('',#4325,#3601,#3602);
#2892=AXIS2_PLACEMENT_3D('',#4326,#3603,#3604);
#2893=AXIS2_PLACEMENT_3D('',#4327,#3605,#3606);
#2894=AXIS2_PLACEMENT_3D('',#4328,#3607,#3608);
#2895=AXIS2_PLACEMENT_3D('',#4329,#3609,#3610);
#2896=AXIS2_PLACEMENT_3D('',#4330,#3611,#3612);
#2897=AXIS2_PLACEMENT_3D('',#4331,#3613,#3614);
#2898=AXIS2_PLACEMENT_3D('',#4332,#3615,#3616);
#2899=AXIS2_PLACEMENT_3D('',#4333,#3617,#3618);
#2900=AXIS2_PLACEMENT_3D('',#4334,#3619,#3620);
#2901=AXIS2_PLACEMENT_3D('',#4337,#3621,#3622);
#2902=AXIS2_PLACEMENT_3D('',#4341,#3624,#3625);
#2903=AXIS2_PLACEMENT_3D('',#4345,#3627,#3628);
#2904=AXIS2_PLACEMENT_3D('',#4349,#3630,#3631);
#2905=AXIS2_PLACEMENT_3D('',#4359,#3637,#3638);
#2906=AXIS2_PLACEMENT_3D('',#4362,#3639,#3640);
#2907=AXIS2_PLACEMENT_3D('',#4366,#3642,#3643);
#2908=AXIS2_PLACEMENT_3D('',#4368,#3645,#3646);
#2909=AXIS2_PLACEMENT_3D('',#4371,#3647,#3648);
#2910=AXIS2_PLACEMENT_3D('',#4374,#3651,#3652);
#2911=AXIS2_PLACEMENT_3D('',#4377,#3653,#3654);
#2912=AXIS2_PLACEMENT_3D('',#4380,#3657,#3658);
#2913=AXIS2_PLACEMENT_3D('',#4383,#3661,#3662);
#2914=AXIS2_PLACEMENT_3D('',#4385,#3663,#3664);
#2915=AXIS2_PLACEMENT_3D('',#4388,#3666,#3667);
#2916=AXIS2_PLACEMENT_3D('',#4389,#3668,#3669);
#2917=AXIS2_PLACEMENT_3D('',#4390,#3670,#3671);
#2918=AXIS2_PLACEMENT_3D('',#4392,#3672,#3673);
#2919=AXIS2_PLACEMENT_3D('',#4395,#3675,#3676);
#2920=AXIS2_PLACEMENT_3D('',#4396,#3677,#3678);
#2921=AXIS2_PLACEMENT_3D('',#4397,#3679,#3680);
#2922=AXIS2_PLACEMENT_3D('',#4399,#3681,#3682);
#2923=AXIS2_PLACEMENT_3D('',#4402,#3684,#3685);
#2924=AXIS2_PLACEMENT_3D('',#4403,#3686,#3687);
#2925=AXIS2_PLACEMENT_3D('',#4404,#3688,#3689);
#2926=AXIS2_PLACEMENT_3D('',#4407,#3690,#3691);
#2927=AXIS2_PLACEMENT_3D('',#4411,#3693,#3694);
#2928=AXIS2_PLACEMENT_3D('',#4415,#3696,#3697);
#2929=AXIS2_PLACEMENT_3D('',#4419,#3699,#3700);
#2930=AXIS2_PLACEMENT_3D('',#4421,#3702,#3703);
#2931=AXIS2_PLACEMENT_3D('',#4423,#3704,#3705);
#2932=AXIS2_PLACEMENT_3D('',#4426,#3707,#3708);
#2933=AXIS2_PLACEMENT_3D('',#4427,#3709,#3710);
#2934=AXIS2_PLACEMENT_3D('',#4428,#3711,#3712);
#2935=AXIS2_PLACEMENT_3D('',#4430,#3713,#3714);
#2936=AXIS2_PLACEMENT_3D('',#4433,#3716,#3717);
#2937=AXIS2_PLACEMENT_3D('',#4434,#3718,#3719);
#2938=AXIS2_PLACEMENT_3D('',#4435,#3720,#3721);
#2939=AXIS2_PLACEMENT_3D('',#4437,#3722,#3723);
#2940=AXIS2_PLACEMENT_3D('',#4440,#3725,#3726);
#2941=AXIS2_PLACEMENT_3D('',#4441,#3727,#3728);
#2942=AXIS2_PLACEMENT_3D('',#4442,#3729,#3730);
#2943=AXIS2_PLACEMENT_3D('',#4445,#3733,#3734);
#2944=AXIS2_PLACEMENT_3D('',#4447,#3736,#3737);
#2945=AXIS2_PLACEMENT_3D('',#4449,#3739,#3740);
#2946=AXIS2_PLACEMENT_3D('',#4451,#3742,#3743);
#2947=AXIS2_PLACEMENT_3D('',#4453,#3745,#3746);
#2948=AXIS2_PLACEMENT_3D('',#4455,#3748,#3749);
#2949=AXIS2_PLACEMENT_3D('',#4457,#3751,#3752);
#2950=AXIS2_PLACEMENT_3D('',#4458,#3753,#3754);
#2951=AXIS2_PLACEMENT_3D('',#4464,#3758,#3759);
#2952=AXIS2_PLACEMENT_3D('',#4468,#3762,#3763);
#2953=AXIS2_PLACEMENT_3D('',#4472,#3766,#3767);
#2954=AXIS2_PLACEMENT_3D('',#4474,#3769,#3770);
#2955=AXIS2_PLACEMENT_3D('',#4475,#3771,#3772);
#2956=AXIS2_PLACEMENT_3D('',#4477,#3773,#3774);
#2957=AXIS2_PLACEMENT_3D('',#4480,#3776,#3777);
#2958=AXIS2_PLACEMENT_3D('',#4481,#3778,#3779);
#2959=AXIS2_PLACEMENT_3D('',#4482,#3780,#3781);
#2960=AXIS2_PLACEMENT_3D('',#4483,#3782,#3783);
#2961=DIRECTION('axis',(0.,0.,1.));
#2962=DIRECTION('refdir',(1.,0.,0.));
#2963=DIRECTION('axis',(0.,0.,1.));
#2964=DIRECTION('refdir',(1.,0.,0.));
#2965=DIRECTION('axis',(0.,0.,1.));
#2966=DIRECTION('refdir',(1.,0.,0.));
#2967=DIRECTION('axis',(0.,0.,1.));
#2968=DIRECTION('refdir',(1.,0.,0.));
#2969=DIRECTION('axis',(0.,0.,1.));
#2970=DIRECTION('refdir',(1.,0.,0.));
#2971=DIRECTION('axis',(0.,0.,1.));
#2972=DIRECTION('refdir',(1.,0.,0.));
#2973=DIRECTION('axis',(0.,0.,1.));
#2974=DIRECTION('refdir',(1.,0.,0.));
#2975=DIRECTION('axis',(0.,0.,1.));
#2976=DIRECTION('refdir',(1.,0.,0.));
#2977=DIRECTION('axis',(0.,0.,1.));
#2978=DIRECTION('refdir',(1.,0.,0.));
#2979=DIRECTION('axis',(0.,0.,1.));
#2980=DIRECTION('refdir',(1.,0.,0.));
#2981=DIRECTION('axis',(0.,0.,1.));
#2982=DIRECTION('refdir',(1.,0.,0.));
#2983=DIRECTION('axis',(0.,0.,1.));
#2984=DIRECTION('refdir',(1.,0.,0.));
#2985=DIRECTION('',(-9.19417735607974E-16,-1.7480970849314E-15,0.999999999999993));
#2986=DIRECTION('',(1.00000000000001,-2.33146835171284E-15,-3.71230823859039E-16));
#2987=DIRECTION('',(-9.19417735607974E-16,-1.7480970849314E-15,0.999999999999993));
#2988=DIRECTION('',(1.00000000000001,-2.33146835171284E-15,-3.71230823859039E-16));
#2989=DIRECTION('',(9.19417735607974E-16,1.7480970849314E-15,0.999999999999993));
#2990=DIRECTION('',(1.00000000000001,-2.33146835171284E-15,3.71230823859039E-16));
#2991=DIRECTION('',(-9.19417735607974E-16,-1.7480970849314E-15,0.999999999999993));
#2992=DIRECTION('',(1.00000000000001,-2.33146835171284E-15,-3.71230823859039E-16));
#2993=DIRECTION('',(-9.19417735607974E-16,-1.7480970849314E-15,0.999999999999993));
#2994=DIRECTION('',(1.00000000000001,-2.33146835171284E-15,-3.71230823859039E-16));
#2995=DIRECTION('',(-9.19417735607974E-16,-1.7480970849314E-15,0.999999999999993));
#2996=DIRECTION('',(1.00000000000001,-2.33146835171284E-15,-3.71230823859039E-16));
#2997=DIRECTION('',(-9.19417735607974E-16,-1.7480970849314E-15,0.999999999999993));
#2998=DIRECTION('',(1.00000000000001,-2.33146835171284E-15,-3.71230823859039E-16));
#2999=DIRECTION('',(-9.19417735607974E-16,-1.7480970849314E-15,0.999999999999993));
#3000=DIRECTION('',(1.00000000000001,-2.33146835171284E-15,-3.71230823859039E-16));
#3001=DIRECTION('',(-9.19417735607974E-16,-1.7480970849314E-15,0.999999999999993));
#3002=DIRECTION('',(1.00000000000001,-2.33146835171284E-15,-3.71230823859039E-16));
#3003=DIRECTION('axis',(0.,0.,1.));
#3004=DIRECTION('refdir',(1.,0.,0.));
#3005=DIRECTION('center_axis',(0.,-1.,0.));
#3006=DIRECTION('ref_axis',(-1.,0.,0.));
#3007=DIRECTION('',(0.,0.,1.));
#3008=DIRECTION('',(-1.,0.,0.));
#3009=DIRECTION('',(0.,0.,1.));
#3010=DIRECTION('',(-1.,0.,0.));
#3011=DIRECTION('center_axis',(1.,0.,0.));
#3012=DIRECTION('ref_axis',(0.,-1.,0.));
#3013=DIRECTION('',(0.,0.,1.));
#3014=DIRECTION('',(0.,-1.,0.));
#3015=DIRECTION('',(0.,-1.,0.));
#3016=DIRECTION('center_axis',(-1.,0.,0.));
#3017=DIRECTION('ref_axis',(0.,1.,0.));
#3018=DIRECTION('',(0.,1.,0.));
#3019=DIRECTION('',(0.,0.,1.));
#3020=DIRECTION('',(0.,1.,0.));
#3021=DIRECTION('center_axis',(0.,0.,1.));
#3022=DIRECTION('ref_axis',(1.,0.,0.));
#3023=DIRECTION('',(0.,1.,0.));
#3024=DIRECTION('',(1.,0.,0.));
#3025=DIRECTION('',(1.,0.,0.));
#3026=DIRECTION('center_axis',(0.,0.,-1.));
#3027=DIRECTION('ref_axis',(0.,-1.,0.));
#3028=DIRECTION('center_axis',(0.,0.,-1.));
#3029=DIRECTION('ref_axis',(0.,-1.,0.));
#3030=DIRECTION('center_axis',(0.,0.,-1.));
#3031=DIRECTION('ref_axis',(0.,-1.,0.));
#3032=DIRECTION('center_axis',(0.,0.,-1.));
#3033=DIRECTION('ref_axis',(0.,-1.,0.));
#3034=DIRECTION('center_axis',(0.,0.,-1.));
#3035=DIRECTION('ref_axis',(0.,-1.,0.));
#3036=DIRECTION('center_axis',(0.,0.,-1.));
#3037=DIRECTION('ref_axis',(0.,-1.,0.));
#3038=DIRECTION('center_axis',(0.,0.,-1.));
#3039=DIRECTION('ref_axis',(0.,-1.,0.));
#3040=DIRECTION('center_axis',(0.,0.,-1.));
#3041=DIRECTION('ref_axis',(0.,-1.,0.));
#3042=DIRECTION('center_axis',(0.,0.,-1.));
#3043=DIRECTION('ref_axis',(0.,-1.,0.));
#3044=DIRECTION('center_axis',(0.,0.,-1.));
#3045=DIRECTION('ref_axis',(0.,-1.,0.));
#3046=DIRECTION('center_axis',(0.,0.,-1.));
#3047=DIRECTION('ref_axis',(0.,-1.,0.));
#3048=DIRECTION('center_axis',(0.,0.,-1.));
#3049=DIRECTION('ref_axis',(0.,-1.,0.));
#3050=DIRECTION('center_axis',(0.,0.,-1.));
#3051=DIRECTION('ref_axis',(0.,-1.,0.));
#3052=DIRECTION('center_axis',(0.,0.,-1.));
#3053=DIRECTION('ref_axis',(0.,-1.,0.));
#3054=DIRECTION('center_axis',(0.,0.,-1.));
#3055=DIRECTION('ref_axis',(0.,-1.,0.));
#3056=DIRECTION('center_axis',(0.,0.,-1.));
#3057=DIRECTION('ref_axis',(0.,-1.,0.));
#3058=DIRECTION('center_axis',(0.,0.,-1.));
#3059=DIRECTION('ref_axis',(0.,-1.,0.));
#3060=DIRECTION('center_axis',(0.,0.,-1.));
#3061=DIRECTION('ref_axis',(-3.343730521224E-14,-1.,0.));
#3062=DIRECTION('center_axis',(0.,0.,-1.));
#3063=DIRECTION('ref_axis',(0.,-1.,0.));
#3064=DIRECTION('center_axis',(0.,0.,-1.));
#3065=DIRECTION('ref_axis',(0.,-1.,0.));
#3066=DIRECTION('center_axis',(0.,0.,-1.));
#3067=DIRECTION('ref_axis',(0.,-1.,0.));
#3068=DIRECTION('center_axis',(0.,0.,-1.));
#3069=DIRECTION('ref_axis',(3.343730521224E-14,-1.,0.));
#3070=DIRECTION('center_axis',(0.,0.,-1.));
#3071=DIRECTION('ref_axis',(-3.343730521224E-14,-1.,0.));
#3072=DIRECTION('center_axis',(0.,0.,-1.));
#3073=DIRECTION('ref_axis',(0.,-1.,0.));
#3074=DIRECTION('center_axis',(0.,0.,-1.));
#3075=DIRECTION('ref_axis',(0.,-1.,0.));
#3076=DIRECTION('center_axis',(0.,0.,-1.));
#3077=DIRECTION('ref_axis',(3.343730521224E-14,-1.,0.));
#3078=DIRECTION('center_axis',(0.,0.,-1.));
#3079=DIRECTION('ref_axis',(0.,-1.,0.));
#3080=DIRECTION('center_axis',(0.,0.,-1.));
#3081=DIRECTION('ref_axis',(0.,-1.,0.));
#3082=DIRECTION('center_axis',(0.,0.,-1.));
#3083=DIRECTION('ref_axis',(0.,-1.,0.));
#3084=DIRECTION('center_axis',(0.,0.,-1.));
#3085=DIRECTION('ref_axis',(0.,-1.,0.));
#3086=DIRECTION('center_axis',(0.,0.,-1.));
#3087=DIRECTION('ref_axis',(0.,-1.,0.));
#3088=DIRECTION('center_axis',(0.,0.,-1.));
#3089=DIRECTION('ref_axis',(0.,-1.,0.));
#3090=DIRECTION('center_axis',(0.,0.,-1.));
#3091=DIRECTION('ref_axis',(0.,-1.,0.));
#3092=DIRECTION('center_axis',(0.,0.,-1.));
#3093=DIRECTION('ref_axis',(0.,-1.,0.));
#3094=DIRECTION('center_axis',(0.,0.,-1.));
#3095=DIRECTION('ref_axis',(0.,-1.,0.));
#3096=DIRECTION('center_axis',(0.,0.,-1.));
#3097=DIRECTION('ref_axis',(0.,-1.,0.));
#3098=DIRECTION('center_axis',(0.,0.,-1.));
#3099=DIRECTION('ref_axis',(0.,-1.,0.));
#3100=DIRECTION('center_axis',(0.,0.,-1.));
#3101=DIRECTION('ref_axis',(0.,-1.,0.));
#3102=DIRECTION('center_axis',(0.,0.,-1.));
#3103=DIRECTION('ref_axis',(0.,-1.,0.));
#3104=DIRECTION('center_axis',(0.,0.,-1.));
#3105=DIRECTION('ref_axis',(0.,-1.,0.));
#3106=DIRECTION('center_axis',(0.,0.,-1.));
#3107=DIRECTION('ref_axis',(0.,-1.,0.));
#3108=DIRECTION('center_axis',(0.,0.,-1.));
#3109=DIRECTION('ref_axis',(0.,-1.,0.));
#3110=DIRECTION('center_axis',(0.,0.,-1.));
#3111=DIRECTION('ref_axis',(0.,-1.,0.));
#3112=DIRECTION('center_axis',(0.,0.,-1.));
#3113=DIRECTION('ref_axis',(0.,-1.,0.));
#3114=DIRECTION('center_axis',(0.,0.,-1.));
#3115=DIRECTION('ref_axis',(0.,-1.,0.));
#3116=DIRECTION('center_axis',(0.,0.,-1.));
#3117=DIRECTION('ref_axis',(0.,-1.,0.));
#3118=DIRECTION('center_axis',(0.,0.,-1.));
#3119=DIRECTION('ref_axis',(0.,-1.,0.));
#3120=DIRECTION('center_axis',(0.,0.,-1.));
#3121=DIRECTION('ref_axis',(0.,-1.,0.));
#3122=DIRECTION('center_axis',(0.,0.,-1.));
#3123=DIRECTION('ref_axis',(0.,-1.,0.));
#3124=DIRECTION('center_axis',(0.,0.,-1.));
#3125=DIRECTION('ref_axis',(0.,-1.,0.));
#3126=DIRECTION('center_axis',(0.,0.,-1.));
#3127=DIRECTION('ref_axis',(0.,-1.,0.));
#3128=DIRECTION('center_axis',(0.,0.,-1.));
#3129=DIRECTION('ref_axis',(0.,-1.,0.));
#3130=DIRECTION('center_axis',(0.,0.,-1.));
#3131=DIRECTION('ref_axis',(-3.343730521224E-14,-1.,0.));
#3132=DIRECTION('center_axis',(0.,0.,-1.));
#3133=DIRECTION('ref_axis',(0.,-1.,0.));
#3134=DIRECTION('center_axis',(0.,0.,-1.));
#3135=DIRECTION('ref_axis',(0.,-1.,0.));
#3136=DIRECTION('center_axis',(0.,0.,-1.));
#3137=DIRECTION('ref_axis',(0.,-1.,0.));
#3138=DIRECTION('center_axis',(0.,0.,-1.));
#3139=DIRECTION('ref_axis',(0.,-1.,0.));
#3140=DIRECTION('center_axis',(0.,0.,-1.));
#3141=DIRECTION('ref_axis',(-3.343730521224E-14,-1.,0.));
#3142=DIRECTION('center_axis',(0.,0.,-1.));
#3143=DIRECTION('ref_axis',(0.,-1.,0.));
#3144=DIRECTION('center_axis',(0.,0.,-1.));
#3145=DIRECTION('ref_axis',(0.,-1.,0.));
#3146=DIRECTION('center_axis',(0.,0.,-1.));
#3147=DIRECTION('ref_axis',(0.,-1.,0.));
#3148=DIRECTION('center_axis',(0.,0.,-1.));
#3149=DIRECTION('ref_axis',(3.343730521224E-14,-1.,0.));
#3150=DIRECTION('center_axis',(0.,0.,-1.));
#3151=DIRECTION('ref_axis',(0.,-1.,0.));
#3152=DIRECTION('center_axis',(0.,0.,-1.));
#3153=DIRECTION('ref_axis',(0.,-1.,0.));
#3154=DIRECTION('center_axis',(0.,0.,-1.));
#3155=DIRECTION('ref_axis',(0.,-1.,0.));
#3156=DIRECTION('center_axis',(0.,0.,-1.));
#3157=DIRECTION('ref_axis',(0.,-1.,0.));
#3158=DIRECTION('center_axis',(0.,0.,-1.));
#3159=DIRECTION('ref_axis',(0.,-1.,0.));
#3160=DIRECTION('center_axis',(0.,0.,-1.));
#3161=DIRECTION('ref_axis',(3.343730521224E-14,-1.,0.));
#3162=DIRECTION('center_axis',(0.,0.,-1.));
#3163=DIRECTION('ref_axis',(0.,-1.,0.));
#3164=DIRECTION('center_axis',(0.,0.,-1.));
#3165=DIRECTION('ref_axis',(-3.343730521224E-14,-1.,0.));
#3166=DIRECTION('center_axis',(0.,0.,-1.));
#3167=DIRECTION('ref_axis',(0.,-1.,0.));
#3168=DIRECTION('center_axis',(0.,0.,-1.));
#3169=DIRECTION('ref_axis',(0.,-1.,0.));
#3170=DIRECTION('center_axis',(0.,0.,-1.));
#3171=DIRECTION('ref_axis',(0.,-1.,0.));
#3172=DIRECTION('center_axis',(0.,0.,-1.));
#3173=DIRECTION('ref_axis',(3.343730521224E-14,-1.,0.));
#3174=DIRECTION('center_axis',(0.,0.,-1.));
#3175=DIRECTION('ref_axis',(-3.343730521224E-14,-1.,0.));
#3176=DIRECTION('center_axis',(0.,0.,-1.));
#3177=DIRECTION('ref_axis',(0.,-1.,0.));
#3178=DIRECTION('center_axis',(0.,0.,-1.));
#3179=DIRECTION('ref_axis',(3.343730521224E-14,-1.,0.));
#3180=DIRECTION('center_axis',(0.,0.,-1.));
#3181=DIRECTION('ref_axis',(0.,-1.,0.));
#3182=DIRECTION('center_axis',(0.,0.,-1.));
#3183=DIRECTION('ref_axis',(0.,-1.,0.));
#3184=DIRECTION('center_axis',(0.,0.,-1.));
#3185=DIRECTION('ref_axis',(0.,-1.,0.));
#3186=DIRECTION('center_axis',(0.,0.,1.));
#3187=DIRECTION('ref_axis',(1.,0.,0.));
#3188=DIRECTION('',(1.,0.,0.));
#3189=DIRECTION('',(1.,0.,0.));
#3190=DIRECTION('',(0.,1.,0.));
#3191=DIRECTION('center_axis',(0.,0.,-1.));
#3192=DIRECTION('ref_axis',(0.,-1.,0.));
#3193=DIRECTION('center_axis',(0.,0.,-1.));
#3194=DIRECTION('ref_axis',(0.,-1.,0.));
#3195=DIRECTION('center_axis',(0.,0.,-1.));
#3196=DIRECTION('ref_axis',(0.,-1.,0.));
#3197=DIRECTION('center_axis',(0.,0.,-1.));
#3198=DIRECTION('ref_axis',(0.,-1.,0.));
#3199=DIRECTION('center_axis',(0.,0.,-1.));
#3200=DIRECTION('ref_axis',(0.,-1.,0.));
#3201=DIRECTION('center_axis',(0.,0.,-1.));
#3202=DIRECTION('ref_axis',(0.,-1.,0.));
#3203=DIRECTION('center_axis',(0.,0.,-1.));
#3204=DIRECTION('ref_axis',(0.,-1.,0.));
#3205=DIRECTION('center_axis',(0.,0.,-1.));
#3206=DIRECTION('ref_axis',(0.,-1.,0.));
#3207=DIRECTION('center_axis',(0.,0.,-1.));
#3208=DIRECTION('ref_axis',(0.,-1.,0.));
#3209=DIRECTION('center_axis',(0.,0.,-1.));
#3210=DIRECTION('ref_axis',(0.,-1.,0.));
#3211=DIRECTION('center_axis',(0.,0.,-1.));
#3212=DIRECTION('ref_axis',(0.,-1.,0.));
#3213=DIRECTION('center_axis',(0.,0.,-1.));
#3214=DIRECTION('ref_axis',(0.,-1.,0.));
#3215=DIRECTION('center_axis',(0.,0.,-1.));
#3216=DIRECTION('ref_axis',(0.,-1.,0.));
#3217=DIRECTION('center_axis',(0.,0.,-1.));
#3218=DIRECTION('ref_axis',(0.,-1.,0.));
#3219=DIRECTION('center_axis',(0.,0.,-1.));
#3220=DIRECTION('ref_axis',(0.,-1.,0.));
#3221=DIRECTION('center_axis',(0.,0.,-1.));
#3222=DIRECTION('ref_axis',(0.,-1.,0.));
#3223=DIRECTION('center_axis',(0.,0.,-1.));
#3224=DIRECTION('ref_axis',(0.,-1.,0.));
#3225=DIRECTION('center_axis',(0.,0.,-1.));
#3226=DIRECTION('ref_axis',(-3.343730521224E-14,-1.,0.));
#3227=DIRECTION('center_axis',(0.,0.,-1.));
#3228=DIRECTION('ref_axis',(0.,-1.,0.));
#3229=DIRECTION('center_axis',(0.,0.,-1.));
#3230=DIRECTION('ref_axis',(0.,-1.,0.));
#3231=DIRECTION('center_axis',(0.,0.,-1.));
#3232=DIRECTION('ref_axis',(0.,-1.,0.));
#3233=DIRECTION('center_axis',(0.,0.,-1.));
#3234=DIRECTION('ref_axis',(3.343730521224E-14,-1.,0.));
#3235=DIRECTION('center_axis',(0.,0.,-1.));
#3236=DIRECTION('ref_axis',(-3.343730521224E-14,-1.,0.));
#3237=DIRECTION('center_axis',(0.,0.,-1.));
#3238=DIRECTION('ref_axis',(0.,-1.,0.));
#3239=DIRECTION('center_axis',(0.,0.,-1.));
#3240=DIRECTION('ref_axis',(0.,-1.,0.));
#3241=DIRECTION('center_axis',(0.,0.,-1.));
#3242=DIRECTION('ref_axis',(3.343730521224E-14,-1.,0.));
#3243=DIRECTION('center_axis',(0.,0.,-1.));
#3244=DIRECTION('ref_axis',(0.,-1.,0.));
#3245=DIRECTION('center_axis',(0.,0.,-1.));
#3246=DIRECTION('ref_axis',(0.,-1.,0.));
#3247=DIRECTION('center_axis',(0.,0.,-1.));
#3248=DIRECTION('ref_axis',(0.,-1.,0.));
#3249=DIRECTION('center_axis',(0.,0.,-1.));
#3250=DIRECTION('ref_axis',(0.,-1.,0.));
#3251=DIRECTION('center_axis',(0.,0.,-1.));
#3252=DIRECTION('ref_axis',(0.,-1.,0.));
#3253=DIRECTION('center_axis',(0.,0.,-1.));
#3254=DIRECTION('ref_axis',(0.,-1.,0.));
#3255=DIRECTION('center_axis',(0.,0.,-1.));
#3256=DIRECTION('ref_axis',(0.,-1.,0.));
#3257=DIRECTION('center_axis',(0.,0.,-1.));
#3258=DIRECTION('ref_axis',(0.,-1.,0.));
#3259=DIRECTION('center_axis',(0.,0.,-1.));
#3260=DIRECTION('ref_axis',(0.,-1.,0.));
#3261=DIRECTION('center_axis',(0.,0.,-1.));
#3262=DIRECTION('ref_axis',(0.,-1.,0.));
#3263=DIRECTION('center_axis',(0.,0.,-1.));
#3264=DIRECTION('ref_axis',(0.,-1.,0.));
#3265=DIRECTION('center_axis',(0.,0.,-1.));
#3266=DIRECTION('ref_axis',(0.,-1.,0.));
#3267=DIRECTION('center_axis',(0.,0.,-1.));
#3268=DIRECTION('ref_axis',(0.,-1.,0.));
#3269=DIRECTION('center_axis',(0.,0.,-1.));
#3270=DIRECTION('ref_axis',(0.,-1.,0.));
#3271=DIRECTION('center_axis',(0.,0.,-1.));
#3272=DIRECTION('ref_axis',(0.,-1.,0.));
#3273=DIRECTION('center_axis',(0.,0.,-1.));
#3274=DIRECTION('ref_axis',(0.,-1.,0.));
#3275=DIRECTION('center_axis',(0.,0.,-1.));
#3276=DIRECTION('ref_axis',(0.,-1.,0.));
#3277=DIRECTION('center_axis',(0.,0.,-1.));
#3278=DIRECTION('ref_axis',(0.,-1.,0.));
#3279=DIRECTION('center_axis',(0.,0.,-1.));
#3280=DIRECTION('ref_axis',(0.,-1.,0.));
#3281=DIRECTION('center_axis',(0.,0.,-1.));
#3282=DIRECTION('ref_axis',(0.,-1.,0.));
#3283=DIRECTION('center_axis',(0.,0.,-1.));
#3284=DIRECTION('ref_axis',(0.,-1.,0.));
#3285=DIRECTION('center_axis',(0.,0.,-1.));
#3286=DIRECTION('ref_axis',(0.,-1.,0.));
#3287=DIRECTION('center_axis',(0.,0.,-1.));
#3288=DIRECTION('ref_axis',(0.,-1.,0.));
#3289=DIRECTION('center_axis',(0.,0.,-1.));
#3290=DIRECTION('ref_axis',(0.,-1.,0.));
#3291=DIRECTION('center_axis',(0.,0.,-1.));
#3292=DIRECTION('ref_axis',(0.,-1.,0.));
#3293=DIRECTION('center_axis',(0.,0.,-1.));
#3294=DIRECTION('ref_axis',(0.,-1.,0.));
#3295=DIRECTION('center_axis',(0.,0.,-1.));
#3296=DIRECTION('ref_axis',(-3.343730521224E-14,-1.,0.));
#3297=DIRECTION('center_axis',(0.,0.,-1.));
#3298=DIRECTION('ref_axis',(0.,-1.,0.));
#3299=DIRECTION('center_axis',(0.,0.,-1.));
#3300=DIRECTION('ref_axis',(0.,-1.,0.));
#3301=DIRECTION('center_axis',(0.,0.,-1.));
#3302=DIRECTION('ref_axis',(0.,-1.,0.));
#3303=DIRECTION('center_axis',(0.,0.,-1.));
#3304=DIRECTION('ref_axis',(0.,-1.,0.));
#3305=DIRECTION('center_axis',(0.,0.,-1.));
#3306=DIRECTION('ref_axis',(-3.343730521224E-14,-1.,0.));
#3307=DIRECTION('center_axis',(0.,0.,-1.));
#3308=DIRECTION('ref_axis',(0.,-1.,0.));
#3309=DIRECTION('center_axis',(0.,0.,-1.));
#3310=DIRECTION('ref_axis',(0.,-1.,0.));
#3311=DIRECTION('center_axis',(0.,0.,-1.));
#3312=DIRECTION('ref_axis',(0.,-1.,0.));
#3313=DIRECTION('center_axis',(0.,0.,-1.));
#3314=DIRECTION('ref_axis',(3.343730521224E-14,-1.,0.));
#3315=DIRECTION('center_axis',(0.,0.,-1.));
#3316=DIRECTION('ref_axis',(0.,-1.,0.));
#3317=DIRECTION('center_axis',(0.,0.,-1.));
#3318=DIRECTION('ref_axis',(0.,-1.,0.));
#3319=DIRECTION('center_axis',(0.,0.,-1.));
#3320=DIRECTION('ref_axis',(0.,-1.,0.));
#3321=DIRECTION('center_axis',(0.,0.,-1.));
#3322=DIRECTION('ref_axis',(0.,-1.,0.));
#3323=DIRECTION('center_axis',(0.,0.,-1.));
#3324=DIRECTION('ref_axis',(0.,-1.,0.));
#3325=DIRECTION('center_axis',(0.,0.,-1.));
#3326=DIRECTION('ref_axis',(3.343730521224E-14,-1.,0.));
#3327=DIRECTION('center_axis',(0.,0.,-1.));
#3328=DIRECTION('ref_axis',(0.,-1.,0.));
#3329=DIRECTION('center_axis',(0.,0.,-1.));
#3330=DIRECTION('ref_axis',(-3.343730521224E-14,-1.,0.));
#3331=DIRECTION('center_axis',(0.,0.,-1.));
#3332=DIRECTION('ref_axis',(0.,-1.,0.));
#3333=DIRECTION('center_axis',(0.,0.,-1.));
#3334=DIRECTION('ref_axis',(0.,-1.,0.));
#3335=DIRECTION('center_axis',(0.,0.,-1.));
#3336=DIRECTION('ref_axis',(0.,-1.,0.));
#3337=DIRECTION('center_axis',(0.,0.,-1.));
#3338=DIRECTION('ref_axis',(3.343730521224E-14,-1.,0.));
#3339=DIRECTION('center_axis',(0.,0.,-1.));
#3340=DIRECTION('ref_axis',(-3.343730521224E-14,-1.,0.));
#3341=DIRECTION('center_axis',(0.,0.,-1.));
#3342=DIRECTION('ref_axis',(0.,-1.,0.));
#3343=DIRECTION('center_axis',(0.,0.,-1.));
#3344=DIRECTION('ref_axis',(3.343730521224E-14,-1.,0.));
#3345=DIRECTION('center_axis',(0.,0.,-1.));
#3346=DIRECTION('ref_axis',(0.,-1.,0.));
#3347=DIRECTION('center_axis',(0.,0.,-1.));
#3348=DIRECTION('ref_axis',(0.,-1.,0.));
#3349=DIRECTION('center_axis',(0.,0.,-1.));
#3350=DIRECTION('ref_axis',(0.,-1.,0.));
#3351=DIRECTION('center_axis',(0.,1.,0.));
#3352=DIRECTION('ref_axis',(1.,0.,0.));
#3353=DIRECTION('',(0.,0.,1.));
#3354=DIRECTION('center_axis',(-1.,0.,0.));
#3355=DIRECTION('ref_axis',(0.,1.,0.));
#3356=DIRECTION('',(0.,0.,1.));
#3357=DIRECTION('center_axis',(0.,1.,0.));
#3358=DIRECTION('ref_axis',(1.,0.,0.));
#3359=DIRECTION('center_axis',(0.,0.,-1.));
#3360=DIRECTION('ref_axis',(0.,-1.,0.));
#3361=DIRECTION('',(0.,0.,-1.));
#3362=DIRECTION('center_axis',(0.,0.,-1.));
#3363=DIRECTION('ref_axis',(0.,-1.,0.));
#3364=DIRECTION('',(0.,0.,-1.));
#3365=DIRECTION('center_axis',(0.,0.,-1.));
#3366=DIRECTION('ref_axis',(0.,-1.,0.));
#3367=DIRECTION('',(0.,0.,-1.));
#3368=DIRECTION('center_axis',(0.,0.,-1.));
#3369=DIRECTION('ref_axis',(0.,-1.,0.));
#3370=DIRECTION('',(0.,0.,-1.));
#3371=DIRECTION('center_axis',(0.,0.,-1.));
#3372=DIRECTION('ref_axis',(0.,-1.,0.));
#3373=DIRECTION('',(0.,0.,-1.));
#3374=DIRECTION('center_axis',(0.,0.,-1.));
#3375=DIRECTION('ref_axis',(0.,-1.,0.));
#3376=DIRECTION('',(0.,0.,-1.));
#3377=DIRECTION('center_axis',(0.,0.,-1.));
#3378=DIRECTION('ref_axis',(0.,-1.,0.));
#3379=DIRECTION('',(0.,0.,-1.));
#3380=DIRECTION('center_axis',(0.,0.,-1.));
#3381=DIRECTION('ref_axis',(0.,-1.,0.));
#3382=DIRECTION('',(0.,0.,-1.));
#3383=DIRECTION('center_axis',(0.,0.,-1.));
#3384=DIRECTION('ref_axis',(0.,-1.,0.));
#3385=DIRECTION('',(0.,0.,-1.));
#3386=DIRECTION('center_axis',(0.,0.,-1.));
#3387=DIRECTION('ref_axis',(0.,-1.,0.));
#3388=DIRECTION('',(0.,0.,-1.));
#3389=DIRECTION('center_axis',(0.,0.,-1.));
#3390=DIRECTION('ref_axis',(0.,-1.,0.));
#3391=DIRECTION('',(0.,0.,-1.));
#3392=DIRECTION('center_axis',(0.,0.,-1.));
#3393=DIRECTION('ref_axis',(0.,-1.,0.));
#3394=DIRECTION('',(0.,0.,-1.));
#3395=DIRECTION('center_axis',(0.,0.,-1.));
#3396=DIRECTION('ref_axis',(0.,-1.,0.));
#3397=DIRECTION('',(0.,0.,-1.));
#3398=DIRECTION('center_axis',(0.,0.,-1.));
#3399=DIRECTION('ref_axis',(0.,-1.,0.));
#3400=DIRECTION('',(0.,0.,-1.));
#3401=DIRECTION('center_axis',(0.,0.,-1.));
#3402=DIRECTION('ref_axis',(0.,-1.,0.));
#3403=DIRECTION('',(0.,0.,-1.));
#3404=DIRECTION('center_axis',(0.,0.,-1.));
#3405=DIRECTION('ref_axis',(0.,-1.,0.));
#3406=DIRECTION('',(0.,0.,-1.));
#3407=DIRECTION('center_axis',(0.,0.,-1.));
#3408=DIRECTION('ref_axis',(0.,-1.,0.));
#3409=DIRECTION('',(0.,0.,-1.));
#3410=DIRECTION('center_axis',(0.,0.,-1.));
#3411=DIRECTION('ref_axis',(-3.343730521224E-14,-1.,0.));
#3412=DIRECTION('',(0.,0.,-1.));
#3413=DIRECTION('center_axis',(0.,0.,-1.));
#3414=DIRECTION('ref_axis',(0.,-1.,0.));
#3415=DIRECTION('',(0.,0.,-1.));
#3416=DIRECTION('center_axis',(0.,0.,-1.));
#3417=DIRECTION('ref_axis',(0.,-1.,0.));
#3418=DIRECTION('',(0.,0.,-1.));
#3419=DIRECTION('center_axis',(0.,0.,-1.));
#3420=DIRECTION('ref_axis',(0.,-1.,0.));
#3421=DIRECTION('',(0.,0.,-1.));
#3422=DIRECTION('center_axis',(0.,0.,-1.));
#3423=DIRECTION('ref_axis',(3.343730521224E-14,-1.,0.));
#3424=DIRECTION('',(0.,0.,-1.));
#3425=DIRECTION('center_axis',(0.,0.,-1.));
#3426=DIRECTION('ref_axis',(-3.343730521224E-14,-1.,0.));
#3427=DIRECTION('',(0.,0.,-1.));
#3428=DIRECTION('center_axis',(0.,0.,-1.));
#3429=DIRECTION('ref_axis',(0.,-1.,0.));
#3430=DIRECTION('',(0.,0.,-1.));
#3431=DIRECTION('center_axis',(0.,0.,-1.));
#3432=DIRECTION('ref_axis',(0.,-1.,0.));
#3433=DIRECTION('',(0.,0.,-1.));
#3434=DIRECTION('center_axis',(0.,0.,-1.));
#3435=DIRECTION('ref_axis',(3.343730521224E-14,-1.,0.));
#3436=DIRECTION('',(0.,0.,-1.));
#3437=DIRECTION('center_axis',(0.,0.,-1.));
#3438=DIRECTION('ref_axis',(0.,-1.,0.));
#3439=DIRECTION('',(0.,0.,-1.));
#3440=DIRECTION('center_axis',(0.,0.,-1.));
#3441=DIRECTION('ref_axis',(0.,-1.,0.));
#3442=DIRECTION('',(0.,0.,-1.));
#3443=DIRECTION('center_axis',(0.,0.,-1.));
#3444=DIRECTION('ref_axis',(0.,-1.,0.));
#3445=DIRECTION('',(0.,0.,-1.));
#3446=DIRECTION('center_axis',(0.,0.,-1.));
#3447=DIRECTION('ref_axis',(0.,-1.,0.));
#3448=DIRECTION('',(0.,0.,-1.));
#3449=DIRECTION('center_axis',(0.,0.,-1.));
#3450=DIRECTION('ref_axis',(0.,-1.,0.));
#3451=DIRECTION('',(0.,0.,-1.));
#3452=DIRECTION('center_axis',(0.,0.,-1.));
#3453=DIRECTION('ref_axis',(0.,-1.,0.));
#3454=DIRECTION('',(0.,0.,-1.));
#3455=DIRECTION('center_axis',(0.,0.,-1.));
#3456=DIRECTION('ref_axis',(0.,-1.,0.));
#3457=DIRECTION('',(0.,0.,-1.));
#3458=DIRECTION('center_axis',(0.,0.,-1.));
#3459=DIRECTION('ref_axis',(0.,-1.,0.));
#3460=DIRECTION('',(0.,0.,-1.));
#3461=DIRECTION('center_axis',(0.,0.,-1.));
#3462=DIRECTION('ref_axis',(0.,-1.,0.));
#3463=DIRECTION('',(0.,0.,-1.));
#3464=DIRECTION('center_axis',(0.,0.,-1.));
#3465=DIRECTION('ref_axis',(0.,-1.,0.));
#3466=DIRECTION('',(0.,0.,-1.));
#3467=DIRECTION('center_axis',(0.,0.,-1.));
#3468=DIRECTION('ref_axis',(0.,-1.,0.));
#3469=DIRECTION('',(0.,0.,-1.));
#3470=DIRECTION('center_axis',(0.,0.,-1.));
#3471=DIRECTION('ref_axis',(0.,-1.,0.));
#3472=DIRECTION('',(0.,0.,-1.));
#3473=DIRECTION('center_axis',(0.,0.,-1.));
#3474=DIRECTION('ref_axis',(0.,-1.,0.));
#3475=DIRECTION('',(0.,0.,-1.));
#3476=DIRECTION('center_axis',(0.,0.,-1.));
#3477=DIRECTION('ref_axis',(0.,-1.,0.));
#3478=DIRECTION('',(0.,0.,-1.));
#3479=DIRECTION('center_axis',(0.,0.,-1.));
#3480=DIRECTION('ref_axis',(0.,-1.,0.));
#3481=DIRECTION('',(0.,0.,-1.));
#3482=DIRECTION('center_axis',(0.,0.,-1.));
#3483=DIRECTION('ref_axis',(0.,-1.,0.));
#3484=DIRECTION('',(0.,0.,-1.));
#3485=DIRECTION('center_axis',(0.,0.,-1.));
#3486=DIRECTION('ref_axis',(0.,-1.,0.));
#3487=DIRECTION('',(0.,0.,-1.));
#3488=DIRECTION('center_axis',(0.,0.,-1.));
#3489=DIRECTION('ref_axis',(0.,-1.,0.));
#3490=DIRECTION('',(0.,0.,-1.));
#3491=DIRECTION('center_axis',(0.,0.,-1.));
#3492=DIRECTION('ref_axis',(0.,-1.,0.));
#3493=DIRECTION('',(0.,0.,-1.));
#3494=DIRECTION('center_axis',(0.,0.,-1.));
#3495=DIRECTION('ref_axis',(0.,-1.,0.));
#3496=DIRECTION('',(0.,0.,-1.));
#3497=DIRECTION('center_axis',(0.,0.,-1.));
#3498=DIRECTION('ref_axis',(0.,-1.,0.));
#3499=DIRECTION('',(0.,0.,-1.));
#3500=DIRECTION('center_axis',(0.,0.,-1.));
#3501=DIRECTION('ref_axis',(0.,-1.,0.));
#3502=DIRECTION('',(0.,0.,-1.));
#3503=DIRECTION('center_axis',(0.,0.,-1.));
#3504=DIRECTION('ref_axis',(0.,-1.,0.));
#3505=DIRECTION('',(0.,0.,-1.));
#3506=DIRECTION('center_axis',(0.,0.,-1.));
#3507=DIRECTION('ref_axis',(0.,-1.,0.));
#3508=DIRECTION('',(0.,0.,-1.));
#3509=DIRECTION('center_axis',(0.,0.,-1.));
#3510=DIRECTION('ref_axis',(0.,-1.,0.));
#3511=DIRECTION('',(0.,0.,-1.));
#3512=DIRECTION('center_axis',(0.,0.,-1.));
#3513=DIRECTION('ref_axis',(0.,-1.,0.));
#3514=DIRECTION('',(0.,0.,-1.));
#3515=DIRECTION('center_axis',(0.,0.,-1.));
#3516=DIRECTION('ref_axis',(-3.343730521224E-14,-1.,0.));
#3517=DIRECTION('',(0.,0.,-1.));
#3518=DIRECTION('center_axis',(0.,0.,-1.));
#3519=DIRECTION('ref_axis',(0.,-1.,0.));
#3520=DIRECTION('',(0.,0.,-1.));
#3521=DIRECTION('center_axis',(0.,0.,-1.));
#3522=DIRECTION('ref_axis',(0.,-1.,0.));
#3523=DIRECTION('',(0.,0.,-1.));
#3524=DIRECTION('center_axis',(0.,0.,-1.));
#3525=DIRECTION('ref_axis',(0.,-1.,0.));
#3526=DIRECTION('',(0.,0.,-1.));
#3527=DIRECTION('center_axis',(0.,0.,-1.));
#3528=DIRECTION('ref_axis',(0.,-1.,0.));
#3529=DIRECTION('',(0.,0.,-1.));
#3530=DIRECTION('center_axis',(0.,0.,-1.));
#3531=DIRECTION('ref_axis',(-3.343730521224E-14,-1.,0.));
#3532=DIRECTION('',(0.,0.,-1.));
#3533=DIRECTION('center_axis',(0.,0.,-1.));
#3534=DIRECTION('ref_axis',(0.,-1.,0.));
#3535=DIRECTION('',(0.,0.,-1.));
#3536=DIRECTION('center_axis',(0.,0.,-1.));
#3537=DIRECTION('ref_axis',(0.,-1.,0.));
#3538=DIRECTION('',(0.,0.,-1.));
#3539=DIRECTION('center_axis',(0.,0.,-1.));
#3540=DIRECTION('ref_axis',(0.,-1.,0.));
#3541=DIRECTION('',(0.,0.,-1.));
#3542=DIRECTION('center_axis',(0.,0.,-1.));
#3543=DIRECTION('ref_axis',(3.343730521224E-14,-1.,0.));
#3544=DIRECTION('',(0.,0.,-1.));
#3545=DIRECTION('center_axis',(0.,0.,-1.));
#3546=DIRECTION('ref_axis',(0.,-1.,0.));
#3547=DIRECTION('',(0.,0.,-1.));
#3548=DIRECTION('center_axis',(0.,0.,-1.));
#3549=DIRECTION('ref_axis',(0.,-1.,0.));
#3550=DIRECTION('',(0.,0.,-1.));
#3551=DIRECTION('center_axis',(0.,0.,-1.));
#3552=DIRECTION('ref_axis',(0.,-1.,0.));
#3553=DIRECTION('',(0.,0.,-1.));
#3554=DIRECTION('center_axis',(0.,0.,-1.));
#3555=DIRECTION('ref_axis',(0.,-1.,0.));
#3556=DIRECTION('',(0.,0.,-1.));
#3557=DIRECTION('center_axis',(0.,0.,-1.));
#3558=DIRECTION('ref_axis',(0.,-1.,0.));
#3559=DIRECTION('',(0.,0.,-1.));
#3560=DIRECTION('center_axis',(0.,0.,-1.));
#3561=DIRECTION('ref_axis',(3.343730521224E-14,-1.,0.));
#3562=DIRECTION('',(0.,0.,-1.));
#3563=DIRECTION('center_axis',(0.,0.,-1.));
#3564=DIRECTION('ref_axis',(0.,-1.,0.));
#3565=DIRECTION('',(0.,0.,-1.));
#3566=DIRECTION('center_axis',(0.,0.,-1.));
#3567=DIRECTION('ref_axis',(-3.343730521224E-14,-1.,0.));
#3568=DIRECTION('',(0.,0.,-1.));
#3569=DIRECTION('center_axis',(0.,0.,-1.));
#3570=DIRECTION('ref_axis',(0.,-1.,0.));
#3571=DIRECTION('',(0.,0.,-1.));
#3572=DIRECTION('center_axis',(0.,0.,-1.));
#3573=DIRECTION('ref_axis',(0.,-1.,0.));
#3574=DIRECTION('',(0.,0.,-1.));
#3575=DIRECTION('center_axis',(0.,0.,-1.));
#3576=DIRECTION('ref_axis',(0.,-1.,0.));
#3577=DIRECTION('',(0.,0.,-1.));
#3578=DIRECTION('center_axis',(0.,0.,-1.));
#3579=DIRECTION('ref_axis',(3.343730521224E-14,-1.,0.));
#3580=DIRECTION('',(0.,0.,-1.));
#3581=DIRECTION('center_axis',(0.,0.,-1.));
#3582=DIRECTION('ref_axis',(-3.343730521224E-14,-1.,0.));
#3583=DIRECTION('',(0.,0.,-1.));
#3584=DIRECTION('center_axis',(0.,0.,-1.));
#3585=DIRECTION('ref_axis',(0.,-1.,0.));
#3586=DIRECTION('',(0.,0.,-1.));
#3587=DIRECTION('center_axis',(0.,0.,-1.));
#3588=DIRECTION('ref_axis',(3.343730521224E-14,-1.,0.));
#3589=DIRECTION('',(0.,0.,-1.));
#3590=DIRECTION('center_axis',(0.,0.,-1.));
#3591=DIRECTION('ref_axis',(0.,-1.,0.));
#3592=DIRECTION('',(0.,0.,-1.));
#3593=DIRECTION('center_axis',(0.,0.,-1.));
#3594=DIRECTION('ref_axis',(0.,-1.,0.));
#3595=DIRECTION('',(0.,0.,-1.));
#3596=DIRECTION('center_axis',(0.,0.,-1.));
#3597=DIRECTION('ref_axis',(0.,-1.,0.));
#3598=DIRECTION('',(0.,0.,-1.));
#3599=DIRECTION('',(0.,0.,1.));
#3600=DIRECTION('',(1.,0.,0.));
#3601=DIRECTION('',(0.,0.,1.));
#3602=DIRECTION('',(1.,0.,0.));
#3603=DIRECTION('',(0.,0.,1.));
#3604=DIRECTION('',(-1.,1.224646799147E-16,0.));
#3605=DIRECTION('',(0.,0.,1.));
#3606=DIRECTION('',(1.,0.,0.));
#3607=DIRECTION('',(0.,0.,1.));
#3608=DIRECTION('',(1.,0.,0.));
#3609=DIRECTION('',(0.,0.,1.));
#3610=DIRECTION('',(1.,0.,0.));
#3611=DIRECTION('',(0.,0.,1.));
#3612=DIRECTION('',(1.,0.,0.));
#3613=DIRECTION('',(0.,0.,1.));
#3614=DIRECTION('',(1.,0.,0.));
#3615=DIRECTION('',(0.,0.,1.));
#3616=DIRECTION('',(1.,0.,0.));
#3617=DIRECTION('',(0.,0.,1.));
#3618=DIRECTION('',(1.,0.,0.));
#3619=DIRECTION('center_axis',(0.,0.,1.));
#3620=DIRECTION('ref_axis',(1.,0.,0.));
#3621=DIRECTION('center_axis',(0.,0.,1.));
#3622=DIRECTION('ref_axis',(-0.707106781186546,0.707106781186549,0.));
#3623=DIRECTION('',(0.,-1.,0.));
#3624=DIRECTION('center_axis',(0.,0.,1.));
#3625=DIRECTION('ref_axis',(-0.707106781186548,-0.707106781186547,0.));
#3626=DIRECTION('',(1.,0.,0.));
#3627=DIRECTION('center_axis',(0.,0.,1.));
#3628=DIRECTION('ref_axis',(0.707106781186549,-0.707106781186546,0.));
#3629=DIRECTION('',(0.,1.,0.));
#3630=DIRECTION('center_axis',(0.,0.,1.));
#3631=DIRECTION('ref_axis',(0.707106781186548,0.707106781186548,0.));
#3632=DIRECTION('',(-1.,0.,0.));
#3633=DIRECTION('',(-1.,0.,0.));
#3634=DIRECTION('',(0.,1.,0.));
#3635=DIRECTION('',(1.,0.,0.));
#3636=DIRECTION('',(0.,-1.,0.));
#3637=DIRECTION('center_axis',(1.,0.,0.));
#3638=DIRECTION('ref_axis',(0.,-0.70710678118654,-0.707106781186555));
#3639=DIRECTION('center_axis',(-0.707106781186548,0.,-0.707106781186547));
#3640=DIRECTION('ref_axis',(0.707106781186547,0.,-0.707106781186548));
#3641=DIRECTION('',(1.,0.,0.));
#3642=DIRECTION('center_axis',(-0.707106781186548,0.,0.707106781186548));
#3643=DIRECTION('ref_axis',(-0.707106781186547,0.,-0.707106781186547));
#3644=DIRECTION('',(-1.,0.,0.));
#3645=DIRECTION('center_axis',(0.,0.,-1.));
#3646=DIRECTION('ref_axis',(-0.707106781186555,-0.70710678118654,0.));
#3647=DIRECTION('center_axis',(-0.707106781186547,0.,-0.707106781186548));
#3648=DIRECTION('ref_axis',(-0.707106781186548,0.,0.707106781186547));
#3649=DIRECTION('',(0.,0.,1.));
#3650=DIRECTION('',(0.,0.,-1.));
#3651=DIRECTION('center_axis',(0.,0.,1.));
#3652=DIRECTION('ref_axis',(0.707106781186555,-0.70710678118654,0.));
#3653=DIRECTION('center_axis',(0.707106781186548,0.,-0.707106781186547));
#3654=DIRECTION('ref_axis',(0.707106781186547,4.9065389333868E-17,0.707106781186548));
#3655=DIRECTION('',(0.,0.,1.));
#3656=DIRECTION('',(0.,0.,-1.));
#3657=DIRECTION('center_axis',(-1.,0.,0.));
#3658=DIRECTION('ref_axis',(0.,-0.70710678118654,0.707106781186555));
#3659=DIRECTION('',(1.,0.,0.));
#3660=DIRECTION('',(-1.,0.,0.));
#3661=DIRECTION('center_axis',(0.,0.,-1.));
#3662=DIRECTION('ref_axis',(-1.,0.,0.));
#3663=DIRECTION('center_axis',(0.,0.,-1.));
#3664=DIRECTION('ref_axis',(-1.,0.,0.));
#3665=DIRECTION('',(0.,0.,-1.));
#3666=DIRECTION('center_axis',(0.,0.,-1.));
#3667=DIRECTION('ref_axis',(-1.,0.,0.));
#3668=DIRECTION('center_axis',(0.,0.,1.));
#3669=DIRECTION('ref_axis',(-1.,0.,0.));
#3670=DIRECTION('center_axis',(0.,0.,-1.));
#3671=DIRECTION('ref_axis',(-1.,0.,0.));
#3672=DIRECTION('center_axis',(0.,0.,-1.));
#3673=DIRECTION('ref_axis',(-1.,0.,0.));
#3674=DIRECTION('',(0.,0.,-1.));
#3675=DIRECTION('center_axis',(0.,0.,-1.));
#3676=DIRECTION('ref_axis',(-1.,0.,0.));
#3677=DIRECTION('center_axis',(0.,0.,1.));
#3678=DIRECTION('ref_axis',(-1.,0.,0.));
#3679=DIRECTION('center_axis',(0.,0.,1.));
#3680=DIRECTION('ref_axis',(-1.,0.,0.));
#3681=DIRECTION('center_axis',(0.,0.,1.));
#3682=DIRECTION('ref_axis',(-1.,0.,0.));
#3683=DIRECTION('',(0.,0.,-1.));
#3684=DIRECTION('center_axis',(0.,0.,-1.));
#3685=DIRECTION('ref_axis',(-1.,0.,0.));
#3686=DIRECTION('center_axis',(0.,0.,1.));
#3687=DIRECTION('ref_axis',(-1.,0.,0.));
#3688=DIRECTION('center_axis',(0.,0.,1.));
#3689=DIRECTION('ref_axis',(1.,0.,0.));
#3690=DIRECTION('center_axis',(0.,0.,1.));
#3691=DIRECTION('ref_axis',(-0.707106781186546,0.707106781186549,0.));
#3692=DIRECTION('',(-1.,0.,0.));
#3693=DIRECTION('center_axis',(0.,0.,1.));
#3694=DIRECTION('ref_axis',(0.707106781186548,0.707106781186548,0.));
#3695=DIRECTION('',(0.,1.,0.));
#3696=DIRECTION('center_axis',(0.,0.,1.));
#3697=DIRECTION('ref_axis',(0.707106781186549,-0.707106781186546,0.));
#3698=DIRECTION('',(1.,0.,0.));
#3699=DIRECTION('center_axis',(0.,0.,1.));
#3700=DIRECTION('ref_axis',(-0.707106781186548,-0.707106781186547,0.));
#3701=DIRECTION('',(0.,-1.,0.));
#3702=DIRECTION('center_axis',(0.,0.,-1.));
#3703=DIRECTION('ref_axis',(-1.,0.,0.));
#3704=DIRECTION('center_axis',(0.,0.,-1.));
#3705=DIRECTION('ref_axis',(-1.,0.,0.));
#3706=DIRECTION('',(0.,0.,-1.));
#3707=DIRECTION('center_axis',(0.,0.,-1.));
#3708=DIRECTION('ref_axis',(-1.,0.,0.));
#3709=DIRECTION('center_axis',(0.,0.,1.));
#3710=DIRECTION('ref_axis',(-1.,0.,0.));
#3711=DIRECTION('center_axis',(0.,0.,1.));
#3712=DIRECTION('ref_axis',(-1.,0.,0.));
#3713=DIRECTION('center_axis',(0.,0.,1.));
#3714=DIRECTION('ref_axis',(-1.,0.,0.));
#3715=DIRECTION('',(0.,0.,-1.));
#3716=DIRECTION('center_axis',(0.,0.,-1.));
#3717=DIRECTION('ref_axis',(-1.,0.,0.));
#3718=DIRECTION('center_axis',(0.,0.,1.));
#3719=DIRECTION('ref_axis',(-1.,0.,0.));
#3720=DIRECTION('center_axis',(0.,0.,1.));
#3721=DIRECTION('ref_axis',(-1.,0.,0.));
#3722=DIRECTION('center_axis',(0.,0.,1.));
#3723=DIRECTION('ref_axis',(-1.,0.,0.));
#3724=DIRECTION('',(0.,0.,-1.));
#3725=DIRECTION('center_axis',(0.,0.,-1.));
#3726=DIRECTION('ref_axis',(-1.,0.,0.));
#3727=DIRECTION('center_axis',(0.,0.,1.));
#3728=DIRECTION('ref_axis',(-1.,0.,0.));
#3729=DIRECTION('center_axis',(0.,0.,1.));
#3730=DIRECTION('ref_axis',(-0.707106781186546,0.707106781186549,0.));
#3731=DIRECTION('',(0.,0.,-1.));
#3732=DIRECTION('',(0.,0.,1.));
#3733=DIRECTION('center_axis',(0.,1.,0.));
#3734=DIRECTION('ref_axis',(-1.,0.,0.));
#3735=DIRECTION('',(0.,0.,1.));
#3736=DIRECTION('center_axis',(0.,0.,1.));
#3737=DIRECTION('ref_axis',(0.707106781186548,0.707106781186548,0.));
#3738=DIRECTION('',(0.,0.,-1.));
#3739=DIRECTION('center_axis',(1.,0.,0.));
#3740=DIRECTION('ref_axis',(0.,1.,0.));
#3741=DIRECTION('',(0.,0.,1.));
#3742=DIRECTION('center_axis',(0.,0.,1.));
#3743=DIRECTION('ref_axis',(0.707106781186549,-0.707106781186546,0.));
#3744=DIRECTION('',(0.,0.,-1.));
#3745=DIRECTION('center_axis',(0.,-1.,0.));
#3746=DIRECTION('ref_axis',(1.,0.,0.));
#3747=DIRECTION('',(0.,0.,1.));
#3748=DIRECTION('center_axis',(0.,0.,1.));
#3749=DIRECTION('ref_axis',(-0.707106781186548,-0.707106781186547,0.));
#3750=DIRECTION('',(0.,0.,-1.));
#3751=DIRECTION('center_axis',(-1.,0.,0.));
#3752=DIRECTION('ref_axis',(0.,-1.,0.));
#3753=DIRECTION('center_axis',(-1.,0.,0.));
#3754=DIRECTION('ref_axis',(0.,-1.,0.));
#3755=DIRECTION('',(0.,1.,0.));
#3756=DIRECTION('',(0.,0.,1.));
#3757=DIRECTION('',(0.,0.,1.));
#3758=DIRECTION('center_axis',(0.,-1.,0.));
#3759=DIRECTION('ref_axis',(1.,0.,0.));
#3760=DIRECTION('',(-1.,0.,0.));
#3761=DIRECTION('',(0.,0.,1.));
#3762=DIRECTION('center_axis',(1.,0.,0.));
#3763=DIRECTION('ref_axis',(0.,1.,0.));
#3764=DIRECTION('',(0.,-1.,0.));
#3765=DIRECTION('',(0.,0.,1.));
#3766=DIRECTION('center_axis',(0.,1.,0.));
#3767=DIRECTION('ref_axis',(-1.,0.,0.));
#3768=DIRECTION('',(1.,0.,0.));
#3769=DIRECTION('center_axis',(0.,0.,1.));
#3770=DIRECTION('ref_axis',(1.,0.,0.));
#3771=DIRECTION('center_axis',(0.,0.,-1.));
#3772=DIRECTION('ref_axis',(-1.,0.,0.));
#3773=DIRECTION('center_axis',(0.,0.,-1.));
#3774=DIRECTION('ref_axis',(-1.,0.,0.));
#3775=DIRECTION('',(0.,0.,1.));
#3776=DIRECTION('center_axis',(0.,0.,1.));
#3777=DIRECTION('ref_axis',(-1.,0.,0.));
#3778=DIRECTION('center_axis',(0.,0.,1.));
#3779=DIRECTION('ref_axis',(-1.,0.,0.));
#3780=DIRECTION('center_axis',(0.,0.,1.));
#3781=DIRECTION('ref_axis',(-1.,0.,0.));
#3782=DIRECTION('',(0.,0.,1.));
#3783=DIRECTION('',(1.,0.,0.));
#3784=CARTESIAN_POINT('',(0.,0.,0.));
#3785=CARTESIAN_POINT('',(0.,0.,0.));
#3786=CARTESIAN_POINT('',(0.,0.,0.));
#3787=CARTESIAN_POINT('',(0.,0.,0.));
#3788=CARTESIAN_POINT('',(0.,0.,0.));
#3789=CARTESIAN_POINT('',(0.,0.,0.));
#3790=CARTESIAN_POINT('',(0.,0.,0.));
#3791=CARTESIAN_POINT('',(0.,0.,0.));
#3792=CARTESIAN_POINT('',(0.,0.,0.));
#3793=CARTESIAN_POINT('',(0.,0.,0.));
#3794=CARTESIAN_POINT('',(0.,0.,0.));
#3795=CARTESIAN_POINT('',(0.,0.,0.));
#3796=CARTESIAN_POINT('',(-121.763496073094,153.181193062117,95.9327080248277));
#3797=CARTESIAN_POINT('',(-121.763496073094,153.181193062117,95.9327080248277));
#3798=CARTESIAN_POINT('',(121.763496073094,-153.181193062117,95.9327080248277));
#3799=CARTESIAN_POINT('',(-121.763496073094,153.181193062117,95.9327080248277));
#3800=CARTESIAN_POINT('',(-121.763496073094,153.181193062117,95.9327080248277));
#3801=CARTESIAN_POINT('',(-121.763496073094,153.181193062117,95.9327080248277));
#3802=CARTESIAN_POINT('',(-121.763496073094,153.181193062117,95.9327080248277));
#3803=CARTESIAN_POINT('',(-121.763496073094,153.181193062117,95.9327080248277));
#3804=CARTESIAN_POINT('',(-121.763496073094,153.181193062117,95.9327080248277));
#3805=CARTESIAN_POINT('',(0.,0.,0.));
#3806=CARTESIAN_POINT('Origin',(209.,-180.,0.));
#3807=CARTESIAN_POINT('',(209.,-180.,0.));
#3808=CARTESIAN_POINT('',(209.,-180.,1.51));
#3809=CARTESIAN_POINT('',(209.,-180.,0.));
#3810=CARTESIAN_POINT('',(111.,-180.,1.51));
#3811=CARTESIAN_POINT('',(209.,-180.,1.51));
#3812=CARTESIAN_POINT('',(111.,-180.,0.));
#3813=CARTESIAN_POINT('',(111.,-180.,0.));
#3814=CARTESIAN_POINT('',(209.,-180.,0.));
#3815=CARTESIAN_POINT('Origin',(209.,-95.,0.));
#3816=CARTESIAN_POINT('',(209.,-95.,0.));
#3817=CARTESIAN_POINT('',(209.,-95.,1.51));
#3818=CARTESIAN_POINT('',(209.,-95.,0.));
#3819=CARTESIAN_POINT('',(209.,-95.,1.51));
#3820=CARTESIAN_POINT('',(209.,-95.,0.));
#3821=CARTESIAN_POINT('Origin',(111.,-180.,0.));
#3822=CARTESIAN_POINT('',(111.,-99.5,1.51));
#3823=CARTESIAN_POINT('',(111.,-180.,1.51));
#3824=CARTESIAN_POINT('',(111.,-99.5,0.));
#3825=CARTESIAN_POINT('',(111.,-99.5,0.));
#3826=CARTESIAN_POINT('',(111.,-180.,0.));
#3827=CARTESIAN_POINT('Origin',(0.,0.,0.));
#3828=CARTESIAN_POINT('',(111.,-95.,0.));
#3829=CARTESIAN_POINT('',(111.,-99.5,0.));
#3830=CARTESIAN_POINT('',(145.,-95.,0.));
#3831=CARTESIAN_POINT('',(111.,-95.,0.));
#3832=CARTESIAN_POINT('',(145.,-95.,0.));
#3833=CARTESIAN_POINT('',(129.5,-160.4,0.));
#3834=CARTESIAN_POINT('Origin',(129.5,-162.,0.));
#3835=CARTESIAN_POINT('',(125.38,-150.6,0.));
#3836=CARTESIAN_POINT('Origin',(125.38,-151.,0.));
#3837=CARTESIAN_POINT('',(133.,-150.6,0.));
#3838=CARTESIAN_POINT('Origin',(133.,-151.,0.));
#3839=CARTESIAN_POINT('',(117.88,-144.1,0.));
#3840=CARTESIAN_POINT('Origin',(117.88,-144.5,0.));
#3841=CARTESIAN_POINT('',(125.5,-144.1,0.));
#3842=CARTESIAN_POINT('Origin',(125.5,-144.5,0.));
#3843=CARTESIAN_POINT('',(117.88,-139.6,0.));
#3844=CARTESIAN_POINT('Origin',(117.88,-140.,0.));
#3845=CARTESIAN_POINT('',(125.5,-139.6,0.));
#3846=CARTESIAN_POINT('Origin',(125.5,-140.,0.));
#3847=CARTESIAN_POINT('',(134.19,-144.1,0.));
#3848=CARTESIAN_POINT('Origin',(134.19,-144.5,0.));
#3849=CARTESIAN_POINT('',(134.38,-139.6,0.));
#3850=CARTESIAN_POINT('Origin',(134.38,-140.,0.));
#3851=CARTESIAN_POINT('',(153.38,-152.23,0.));
#3852=CARTESIAN_POINT('Origin',(153.38,-153.08,0.));
#3853=CARTESIAN_POINT('',(158.46,-151.08,0.));
#3854=CARTESIAN_POINT('Origin',(158.46,-153.08,0.));
#3855=CARTESIAN_POINT('',(154.65,-149.79,0.));
#3856=CARTESIAN_POINT('Origin',(154.65,-150.54,0.));
#3857=CARTESIAN_POINT('',(141.81,-144.1,0.));
#3858=CARTESIAN_POINT('Origin',(141.81,-144.5,0.));
#3859=CARTESIAN_POINT('',(142.,-139.6,0.));
#3860=CARTESIAN_POINT('Origin',(142.,-140.,0.));
#3861=CARTESIAN_POINT('',(191.5,-168.9,0.));
#3862=CARTESIAN_POINT('Origin',(191.5,-170.5,0.));
#3863=CARTESIAN_POINT('',(163.54,-152.23,0.));
#3864=CARTESIAN_POINT('Origin',(163.54,-153.08,0.));
#3865=CARTESIAN_POINT('',(161.,-147.25,0.));
#3866=CARTESIAN_POINT('Origin',(161.,-148.,0.));
#3867=CARTESIAN_POINT('',(172.42,-152.15,0.));
#3868=CARTESIAN_POINT('Origin',(172.42,-153.,0.));
#3869=CARTESIAN_POINT('',(173.69,-149.71,0.));
#3870=CARTESIAN_POINT('Origin',(173.69,-150.46,0.));
#3871=CARTESIAN_POINT('',(177.5,-151.,0.));
#3872=CARTESIAN_POINT('Origin',(177.5,-153.,0.));
#3873=CARTESIAN_POINT('',(180.04,-147.17,0.));
#3874=CARTESIAN_POINT('Origin',(180.04,-147.92,0.));
#3875=CARTESIAN_POINT('',(182.58,-152.15,0.));
#3876=CARTESIAN_POINT('Origin',(182.58,-153.,0.));
#3877=CARTESIAN_POINT('',(191.42,-152.15,0.));
#3878=CARTESIAN_POINT('Origin',(191.42,-153.,0.));
#3879=CARTESIAN_POINT('',(196.5,-151.,0.));
#3880=CARTESIAN_POINT('Origin',(196.5,-153.,0.));
#3881=CARTESIAN_POINT('',(192.69,-149.71,0.));
#3882=CARTESIAN_POINT('Origin',(192.69,-150.46,0.));
#3883=CARTESIAN_POINT('',(201.58,-152.15,0.));
#3884=CARTESIAN_POINT('Origin',(201.58,-153.,0.));
#3885=CARTESIAN_POINT('',(199.04,-147.17,0.));
#3886=CARTESIAN_POINT('Origin',(199.04,-147.92,0.));
#3887=CARTESIAN_POINT('',(117.69,-135.1,0.));
#3888=CARTESIAN_POINT('Origin',(117.69,-135.5,0.));
#3889=CARTESIAN_POINT('',(117.69,-131.1,0.));
#3890=CARTESIAN_POINT('Origin',(117.69,-131.5,0.));
#3891=CARTESIAN_POINT('',(125.31,-135.1,0.));
#3892=CARTESIAN_POINT('Origin',(125.31,-135.5,0.));
#3893=CARTESIAN_POINT('',(125.31,-131.1,0.));
#3894=CARTESIAN_POINT('Origin',(125.31,-131.5,0.));
#3895=CARTESIAN_POINT('',(134.69,-135.1,0.));
#3896=CARTESIAN_POINT('Origin',(134.69,-135.5,0.));
#3897=CARTESIAN_POINT('',(134.69,-131.1,0.));
#3898=CARTESIAN_POINT('Origin',(134.69,-131.5,0.));
#3899=CARTESIAN_POINT('',(142.31,-135.1,0.));
#3900=CARTESIAN_POINT('Origin',(142.31,-135.5,0.));
#3901=CARTESIAN_POINT('',(142.31,-131.1,0.));
#3902=CARTESIAN_POINT('Origin',(142.31,-131.5,0.));
#3903=CARTESIAN_POINT('',(153.379998,-133.15,0.));
#3904=CARTESIAN_POINT('Origin',(153.379998,-134.,0.));
#3905=CARTESIAN_POINT('',(158.459998,-132.,0.));
#3906=CARTESIAN_POINT('Origin',(158.459998,-134.,0.));
#3907=CARTESIAN_POINT('',(154.649998,-130.71,0.));
#3908=CARTESIAN_POINT('Origin',(154.649998,-131.46,0.));
#3909=CARTESIAN_POINT('',(123.2645,-114.332015,0.));
#3910=CARTESIAN_POINT('Origin',(123.2645,-114.832015,0.));
#3911=CARTESIAN_POINT('',(123.2645,-111.792015,0.));
#3912=CARTESIAN_POINT('Origin',(123.2645,-112.292015,0.));
#3913=CARTESIAN_POINT('',(123.2645,-109.252015,0.));
#3914=CARTESIAN_POINT('Origin',(123.2645,-109.752015,0.));
#3915=CARTESIAN_POINT('',(138.5145,-114.332015,0.));
#3916=CARTESIAN_POINT('Origin',(138.5145,-114.832015,0.));
#3917=CARTESIAN_POINT('',(138.5145,-111.792015,0.));
#3918=CARTESIAN_POINT('Origin',(138.5145,-112.292015,0.));
#3919=CARTESIAN_POINT('',(138.5145,-109.252015,0.));
#3920=CARTESIAN_POINT('Origin',(138.5145,-109.752015,0.));
#3921=CARTESIAN_POINT('',(123.2645,-106.712015,0.));
#3922=CARTESIAN_POINT('Origin',(123.2645,-107.212015,0.));
#3923=CARTESIAN_POINT('',(123.2645,-104.172015,0.));
#3924=CARTESIAN_POINT('Origin',(123.2645,-104.672015,0.));
#3925=CARTESIAN_POINT('',(123.2645,-101.632015,0.));
#3926=CARTESIAN_POINT('Origin',(123.2645,-102.132015,0.));
#3927=CARTESIAN_POINT('',(123.2645,-99.092015,0.));
#3928=CARTESIAN_POINT('Origin',(123.2645,-99.592015,0.));
#3929=CARTESIAN_POINT('',(138.5145,-106.712015,0.));
#3930=CARTESIAN_POINT('Origin',(138.5145,-107.212015,0.));
#3931=CARTESIAN_POINT('',(138.5145,-104.172015,0.));
#3932=CARTESIAN_POINT('Origin',(138.5145,-104.672015,0.));
#3933=CARTESIAN_POINT('',(138.5145,-101.632015,0.));
#3934=CARTESIAN_POINT('Origin',(138.5145,-102.132015,0.));
#3935=CARTESIAN_POINT('',(138.5145,-99.092015,0.));
#3936=CARTESIAN_POINT('Origin',(138.5145,-99.592015,0.));
#3937=CARTESIAN_POINT('',(153.42,-114.15,0.));
#3938=CARTESIAN_POINT('Origin',(153.42,-115.,0.));
#3939=CARTESIAN_POINT('',(158.5,-113.,0.));
#3940=CARTESIAN_POINT('Origin',(158.5,-115.,0.));
#3941=CARTESIAN_POINT('',(154.69,-111.71,0.));
#3942=CARTESIAN_POINT('Origin',(154.69,-112.46,0.));
#3943=CARTESIAN_POINT('',(163.539998,-133.15,0.));
#3944=CARTESIAN_POINT('Origin',(163.539998,-134.,0.));
#3945=CARTESIAN_POINT('',(160.999998,-128.17,0.));
#3946=CARTESIAN_POINT('Origin',(160.999998,-128.92,0.));
#3947=CARTESIAN_POINT('',(172.42,-133.15,0.));
#3948=CARTESIAN_POINT('Origin',(172.42,-134.,0.));
#3949=CARTESIAN_POINT('',(173.69,-130.71,0.));
#3950=CARTESIAN_POINT('Origin',(173.69,-131.46,0.));
#3951=CARTESIAN_POINT('',(177.5,-132.,0.));
#3952=CARTESIAN_POINT('Origin',(177.5,-134.,0.));
#3953=CARTESIAN_POINT('',(180.04,-128.17,0.));
#3954=CARTESIAN_POINT('Origin',(180.04,-128.92,0.));
#3955=CARTESIAN_POINT('',(182.58,-133.15,0.));
#3956=CARTESIAN_POINT('Origin',(182.58,-134.,0.));
#3957=CARTESIAN_POINT('',(191.5,-133.15,0.));
#3958=CARTESIAN_POINT('Origin',(191.5,-134.,0.));
#3959=CARTESIAN_POINT('',(196.58,-132.,0.));
#3960=CARTESIAN_POINT('Origin',(196.58,-134.,0.));
#3961=CARTESIAN_POINT('',(192.77,-130.71,0.));
#3962=CARTESIAN_POINT('Origin',(192.77,-131.46,0.));
#3963=CARTESIAN_POINT('',(201.66,-133.15,0.));
#3964=CARTESIAN_POINT('Origin',(201.66,-134.,0.));
#3965=CARTESIAN_POINT('',(199.12,-128.17,0.));
#3966=CARTESIAN_POINT('Origin',(199.12,-128.92,0.));
#3967=CARTESIAN_POINT('',(163.58,-114.15,0.));
#3968=CARTESIAN_POINT('Origin',(163.58,-115.,0.));
#3969=CARTESIAN_POINT('',(161.04,-109.17,0.));
#3970=CARTESIAN_POINT('Origin',(161.04,-109.92,0.));
#3971=CARTESIAN_POINT('',(172.42,-114.15,0.));
#3972=CARTESIAN_POINT('Origin',(172.42,-115.,0.));
#3973=CARTESIAN_POINT('',(177.5,-113.,0.));
#3974=CARTESIAN_POINT('Origin',(177.5,-115.,0.));
#3975=CARTESIAN_POINT('',(173.69,-111.71,0.));
#3976=CARTESIAN_POINT('Origin',(173.69,-112.46,0.));
#3977=CARTESIAN_POINT('',(180.04,-109.17,0.));
#3978=CARTESIAN_POINT('Origin',(180.04,-109.92,0.));
#3979=CARTESIAN_POINT('',(182.58,-114.15,0.));
#3980=CARTESIAN_POINT('Origin',(182.58,-115.,0.));
#3981=CARTESIAN_POINT('',(191.42,-114.15,0.));
#3982=CARTESIAN_POINT('Origin',(191.42,-115.,0.));
#3983=CARTESIAN_POINT('',(196.5,-113.,0.));
#3984=CARTESIAN_POINT('Origin',(196.5,-115.,0.));
#3985=CARTESIAN_POINT('',(201.58,-114.15,0.));
#3986=CARTESIAN_POINT('Origin',(201.58,-115.,0.));
#3987=CARTESIAN_POINT('',(192.69,-111.71,0.));
#3988=CARTESIAN_POINT('Origin',(192.69,-112.46,0.));
#3989=CARTESIAN_POINT('',(199.04,-109.17,0.));
#3990=CARTESIAN_POINT('Origin',(199.04,-109.92,0.));
#3991=CARTESIAN_POINT('',(186.,-99.4,0.));
#3992=CARTESIAN_POINT('Origin',(186.,-101.,0.));
#3993=CARTESIAN_POINT('Origin',(0.,0.,1.51));
#3994=CARTESIAN_POINT('',(145.,-95.,1.51));
#3995=CARTESIAN_POINT('',(145.,-95.,1.51));
#3996=CARTESIAN_POINT('',(111.,-95.,1.51));
#3997=CARTESIAN_POINT('',(111.,-95.,1.51));
#3998=CARTESIAN_POINT('',(111.,-99.5,1.51));
#3999=CARTESIAN_POINT('',(129.5,-160.4,1.51));
#4000=CARTESIAN_POINT('Origin',(129.5,-162.,1.51));
#4001=CARTESIAN_POINT('',(125.38,-150.6,1.51));
#4002=CARTESIAN_POINT('Origin',(125.38,-151.,1.51));
#4003=CARTESIAN_POINT('',(133.,-150.6,1.51));
#4004=CARTESIAN_POINT('Origin',(133.,-151.,1.51));
#4005=CARTESIAN_POINT('',(117.88,-144.1,1.51));
#4006=CARTESIAN_POINT('Origin',(117.88,-144.5,1.51));
#4007=CARTESIAN_POINT('',(125.5,-144.1,1.51));
#4008=CARTESIAN_POINT('Origin',(125.5,-144.5,1.51));
#4009=CARTESIAN_POINT('',(117.88,-139.6,1.51));
#4010=CARTESIAN_POINT('Origin',(117.88,-140.,1.51));
#4011=CARTESIAN_POINT('',(125.5,-139.6,1.51));
#4012=CARTESIAN_POINT('Origin',(125.5,-140.,1.51));
#4013=CARTESIAN_POINT('',(134.19,-144.1,1.51));
#4014=CARTESIAN_POINT('Origin',(134.19,-144.5,1.51));
#4015=CARTESIAN_POINT('',(134.38,-139.6,1.51));
#4016=CARTESIAN_POINT('Origin',(134.38,-140.,1.51));
#4017=CARTESIAN_POINT('',(153.38,-152.23,1.51));
#4018=CARTESIAN_POINT('Origin',(153.38,-153.08,1.51));
#4019=CARTESIAN_POINT('',(158.46,-151.08,1.51));
#4020=CARTESIAN_POINT('Origin',(158.46,-153.08,1.51));
#4021=CARTESIAN_POINT('',(154.65,-149.79,1.51));
#4022=CARTESIAN_POINT('Origin',(154.65,-150.54,1.51));
#4023=CARTESIAN_POINT('',(141.81,-144.1,1.51));
#4024=CARTESIAN_POINT('Origin',(141.81,-144.5,1.51));
#4025=CARTESIAN_POINT('',(142.,-139.6,1.51));
#4026=CARTESIAN_POINT('Origin',(142.,-140.,1.51));
#4027=CARTESIAN_POINT('',(191.5,-168.9,1.51));
#4028=CARTESIAN_POINT('Origin',(191.5,-170.5,1.51));
#4029=CARTESIAN_POINT('',(163.54,-152.23,1.51));
#4030=CARTESIAN_POINT('Origin',(163.54,-153.08,1.51));
#4031=CARTESIAN_POINT('',(161.,-147.25,1.51));
#4032=CARTESIAN_POINT('Origin',(161.,-148.,1.51));
#4033=CARTESIAN_POINT('',(172.42,-152.15,1.51));
#4034=CARTESIAN_POINT('Origin',(172.42,-153.,1.51));
#4035=CARTESIAN_POINT('',(173.69,-149.71,1.51));
#4036=CARTESIAN_POINT('Origin',(173.69,-150.46,1.51));
#4037=CARTESIAN_POINT('',(177.5,-151.,1.51));
#4038=CARTESIAN_POINT('Origin',(177.5,-153.,1.51));
#4039=CARTESIAN_POINT('',(180.04,-147.17,1.51));
#4040=CARTESIAN_POINT('Origin',(180.04,-147.92,1.51));
#4041=CARTESIAN_POINT('',(182.58,-152.15,1.51));
#4042=CARTESIAN_POINT('Origin',(182.58,-153.,1.51));
#4043=CARTESIAN_POINT('',(191.42,-152.15,1.51));
#4044=CARTESIAN_POINT('Origin',(191.42,-153.,1.51));
#4045=CARTESIAN_POINT('',(196.5,-151.,1.51));
#4046=CARTESIAN_POINT('Origin',(196.5,-153.,1.51));
#4047=CARTESIAN_POINT('',(192.69,-149.71,1.51));
#4048=CARTESIAN_POINT('Origin',(192.69,-150.46,1.51));
#4049=CARTESIAN_POINT('',(201.58,-152.15,1.51));
#4050=CARTESIAN_POINT('Origin',(201.58,-153.,1.51));
#4051=CARTESIAN_POINT('',(199.04,-147.17,1.51));
#4052=CARTESIAN_POINT('Origin',(199.04,-147.92,1.51));
#4053=CARTESIAN_POINT('',(117.69,-135.1,1.51));
#4054=CARTESIAN_POINT('Origin',(117.69,-135.5,1.51));
#4055=CARTESIAN_POINT('',(117.69,-131.1,1.51));
#4056=CARTESIAN_POINT('Origin',(117.69,-131.5,1.51));
#4057=CARTESIAN_POINT('',(125.31,-135.1,1.51));
#4058=CARTESIAN_POINT('Origin',(125.31,-135.5,1.51));
#4059=CARTESIAN_POINT('',(125.31,-131.1,1.51));
#4060=CARTESIAN_POINT('Origin',(125.31,-131.5,1.51));
#4061=CARTESIAN_POINT('',(134.69,-135.1,1.51));
#4062=CARTESIAN_POINT('Origin',(134.69,-135.5,1.51));
#4063=CARTESIAN_POINT('',(134.69,-131.1,1.51));
#4064=CARTESIAN_POINT('Origin',(134.69,-131.5,1.51));
#4065=CARTESIAN_POINT('',(142.31,-135.1,1.51));
#4066=CARTESIAN_POINT('Origin',(142.31,-135.5,1.51));
#4067=CARTESIAN_POINT('',(142.31,-131.1,1.51));
#4068=CARTESIAN_POINT('Origin',(142.31,-131.5,1.51));
#4069=CARTESIAN_POINT('',(153.379998,-133.15,1.51));
#4070=CARTESIAN_POINT('Origin',(153.379998,-134.,1.51));
#4071=CARTESIAN_POINT('',(158.459998,-132.,1.51));
#4072=CARTESIAN_POINT('Origin',(158.459998,-134.,1.51));
#4073=CARTESIAN_POINT('',(154.649998,-130.71,1.51));
#4074=CARTESIAN_POINT('Origin',(154.649998,-131.46,1.51));
#4075=CARTESIAN_POINT('',(123.2645,-114.332015,1.51));
#4076=CARTESIAN_POINT('Origin',(123.2645,-114.832015,1.51));
#4077=CARTESIAN_POINT('',(123.2645,-111.792015,1.51));
#4078=CARTESIAN_POINT('Origin',(123.2645,-112.292015,1.51));
#4079=CARTESIAN_POINT('',(123.2645,-109.252015,1.51));
#4080=CARTESIAN_POINT('Origin',(123.2645,-109.752015,1.51));
#4081=CARTESIAN_POINT('',(138.5145,-114.332015,1.51));
#4082=CARTESIAN_POINT('Origin',(138.5145,-114.832015,1.51));
#4083=CARTESIAN_POINT('',(138.5145,-111.792015,1.51));
#4084=CARTESIAN_POINT('Origin',(138.5145,-112.292015,1.51));
#4085=CARTESIAN_POINT('',(138.5145,-109.252015,1.51));
#4086=CARTESIAN_POINT('Origin',(138.5145,-109.752015,1.51));
#4087=CARTESIAN_POINT('',(123.2645,-106.712015,1.51));
#4088=CARTESIAN_POINT('Origin',(123.2645,-107.212015,1.51));
#4089=CARTESIAN_POINT('',(123.2645,-104.172015,1.51));
#4090=CARTESIAN_POINT('Origin',(123.2645,-104.672015,1.51));
#4091=CARTESIAN_POINT('',(123.2645,-101.632015,1.51));
#4092=CARTESIAN_POINT('Origin',(123.2645,-102.132015,1.51));
#4093=CARTESIAN_POINT('',(123.2645,-99.092015,1.51));
#4094=CARTESIAN_POINT('Origin',(123.2645,-99.592015,1.51));
#4095=CARTESIAN_POINT('',(138.5145,-106.712015,1.51));
#4096=CARTESIAN_POINT('Origin',(138.5145,-107.212015,1.51));
#4097=CARTESIAN_POINT('',(138.5145,-104.172015,1.51));
#4098=CARTESIAN_POINT('Origin',(138.5145,-104.672015,1.51));
#4099=CARTESIAN_POINT('',(138.5145,-101.632015,1.51));
#4100=CARTESIAN_POINT('Origin',(138.5145,-102.132015,1.51));
#4101=CARTESIAN_POINT('',(138.5145,-99.092015,1.51));
#4102=CARTESIAN_POINT('Origin',(138.5145,-99.592015,1.51));
#4103=CARTESIAN_POINT('',(153.42,-114.15,1.51));
#4104=CARTESIAN_POINT('Origin',(153.42,-115.,1.51));
#4105=CARTESIAN_POINT('',(158.5,-113.,1.51));
#4106=CARTESIAN_POINT('Origin',(158.5,-115.,1.51));
#4107=CARTESIAN_POINT('',(154.69,-111.71,1.51));
#4108=CARTESIAN_POINT('Origin',(154.69,-112.46,1.51));
#4109=CARTESIAN_POINT('',(163.539998,-133.15,1.51));
#4110=CARTESIAN_POINT('Origin',(163.539998,-134.,1.51));
#4111=CARTESIAN_POINT('',(160.999998,-128.17,1.51));
#4112=CARTESIAN_POINT('Origin',(160.999998,-128.92,1.51));
#4113=CARTESIAN_POINT('',(172.42,-133.15,1.51));
#4114=CARTESIAN_POINT('Origin',(172.42,-134.,1.51));
#4115=CARTESIAN_POINT('',(173.69,-130.71,1.51));
#4116=CARTESIAN_POINT('Origin',(173.69,-131.46,1.51));
#4117=CARTESIAN_POINT('',(177.5,-132.,1.51));
#4118=CARTESIAN_POINT('Origin',(177.5,-134.,1.51));
#4119=CARTESIAN_POINT('',(180.04,-128.17,1.51));
#4120=CARTESIAN_POINT('Origin',(180.04,-128.92,1.51));
#4121=CARTESIAN_POINT('',(182.58,-133.15,1.51));
#4122=CARTESIAN_POINT('Origin',(182.58,-134.,1.51));
#4123=CARTESIAN_POINT('',(191.5,-133.15,1.51));
#4124=CARTESIAN_POINT('Origin',(191.5,-134.,1.51));
#4125=CARTESIAN_POINT('',(196.58,-132.,1.51));
#4126=CARTESIAN_POINT('Origin',(196.58,-134.,1.51));
#4127=CARTESIAN_POINT('',(192.77,-130.71,1.51));
#4128=CARTESIAN_POINT('Origin',(192.77,-131.46,1.51));
#4129=CARTESIAN_POINT('',(201.66,-133.15,1.51));
#4130=CARTESIAN_POINT('Origin',(201.66,-134.,1.51));
#4131=CARTESIAN_POINT('',(199.12,-128.17,1.51));
#4132=CARTESIAN_POINT('Origin',(199.12,-128.92,1.51));
#4133=CARTESIAN_POINT('',(163.58,-114.15,1.51));
#4134=CARTESIAN_POINT('Origin',(163.58,-115.,1.51));
#4135=CARTESIAN_POINT('',(161.04,-109.17,1.51));
#4136=CARTESIAN_POINT('Origin',(161.04,-109.92,1.51));
#4137=CARTESIAN_POINT('',(172.42,-114.15,1.51));
#4138=CARTESIAN_POINT('Origin',(172.42,-115.,1.51));
#4139=CARTESIAN_POINT('',(177.5,-113.,1.51));
#4140=CARTESIAN_POINT('Origin',(177.5,-115.,1.51));
#4141=CARTESIAN_POINT('',(173.69,-111.71,1.51));
#4142=CARTESIAN_POINT('Origin',(173.69,-112.46,1.51));
#4143=CARTESIAN_POINT('',(180.04,-109.17,1.51));
#4144=CARTESIAN_POINT('Origin',(180.04,-109.92,1.51));
#4145=CARTESIAN_POINT('',(182.58,-114.15,1.51));
#4146=CARTESIAN_POINT('Origin',(182.58,-115.,1.51));
#4147=CARTESIAN_POINT('',(191.42,-114.15,1.51));
#4148=CARTESIAN_POINT('Origin',(191.42,-115.,1.51));
#4149=CARTESIAN_POINT('',(196.5,-113.,1.51));
#4150=CARTESIAN_POINT('Origin',(196.5,-115.,1.51));
#4151=CARTESIAN_POINT('',(201.58,-114.15,1.51));
#4152=CARTESIAN_POINT('Origin',(201.58,-115.,1.51));
#4153=CARTESIAN_POINT('',(192.69,-111.71,1.51));
#4154=CARTESIAN_POINT('Origin',(192.69,-112.46,1.51));
#4155=CARTESIAN_POINT('',(199.04,-109.17,1.51));
#4156=CARTESIAN_POINT('Origin',(199.04,-109.92,1.51));
#4157=CARTESIAN_POINT('',(186.,-99.4,1.51));
#4158=CARTESIAN_POINT('Origin',(186.,-101.,1.51));
#4159=CARTESIAN_POINT('Origin',(145.,-95.,0.));
#4160=CARTESIAN_POINT('',(145.,-95.,0.));
#4161=CARTESIAN_POINT('Origin',(111.,-99.5,0.));
#4162=CARTESIAN_POINT('',(111.,-95.,0.));
#4163=CARTESIAN_POINT('Origin',(111.,-95.,0.));
#4164=CARTESIAN_POINT('Origin',(129.5,-162.,-0.046));
#4165=CARTESIAN_POINT('',(129.5,-160.4,-0.046));
#4166=CARTESIAN_POINT('Origin',(125.38,-151.,-0.046));
#4167=CARTESIAN_POINT('',(125.38,-150.6,-0.046));
#4168=CARTESIAN_POINT('Origin',(133.,-151.,-0.046));
#4169=CARTESIAN_POINT('',(133.,-150.6,-0.046));
#4170=CARTESIAN_POINT('Origin',(117.88,-144.5,-0.046));
#4171=CARTESIAN_POINT('',(117.88,-144.1,-0.046));
#4172=CARTESIAN_POINT('Origin',(125.5,-144.5,-0.046));
#4173=CARTESIAN_POINT('',(125.5,-144.1,-0.046));
#4174=CARTESIAN_POINT('Origin',(117.88,-140.,-0.046));
#4175=CARTESIAN_POINT('',(117.88,-139.6,-0.046));
#4176=CARTESIAN_POINT('Origin',(125.5,-140.,-0.046));
#4177=CARTESIAN_POINT('',(125.5,-139.6,-0.046));
#4178=CARTESIAN_POINT('Origin',(134.19,-144.5,-0.046));
#4179=CARTESIAN_POINT('',(134.19,-144.1,-0.046));
#4180=CARTESIAN_POINT('Origin',(134.38,-140.,-0.046));
#4181=CARTESIAN_POINT('',(134.38,-139.6,-0.046));
#4182=CARTESIAN_POINT('Origin',(153.38,-153.08,-0.046));
#4183=CARTESIAN_POINT('',(153.38,-152.23,-0.046));
#4184=CARTESIAN_POINT('Origin',(158.46,-153.08,-0.046));
#4185=CARTESIAN_POINT('',(158.46,-151.08,-0.046));
#4186=CARTESIAN_POINT('Origin',(154.65,-150.54,-0.046));
#4187=CARTESIAN_POINT('',(154.65,-149.79,-0.046));
#4188=CARTESIAN_POINT('Origin',(141.81,-144.5,-0.046));
#4189=CARTESIAN_POINT('',(141.81,-144.1,-0.046));
#4190=CARTESIAN_POINT('Origin',(142.,-140.,-0.046));
#4191=CARTESIAN_POINT('',(142.,-139.6,-0.046));
#4192=CARTESIAN_POINT('Origin',(191.5,-170.5,-0.046));
#4193=CARTESIAN_POINT('',(191.5,-168.9,-0.046));
#4194=CARTESIAN_POINT('Origin',(163.54,-153.08,-0.046));
#4195=CARTESIAN_POINT('',(163.54,-152.23,-0.046));
#4196=CARTESIAN_POINT('Origin',(161.,-148.,-0.046));
#4197=CARTESIAN_POINT('',(161.,-147.25,-0.046));
#4198=CARTESIAN_POINT('Origin',(172.42,-153.,-0.046));
#4199=CARTESIAN_POINT('',(172.42,-152.15,-0.046));
#4200=CARTESIAN_POINT('Origin',(173.69,-150.46,-0.046));
#4201=CARTESIAN_POINT('',(173.69,-149.71,-0.046));
#4202=CARTESIAN_POINT('Origin',(177.5,-153.,-0.046));
#4203=CARTESIAN_POINT('',(177.5,-151.,-0.046));
#4204=CARTESIAN_POINT('Origin',(180.04,-147.92,-0.046));
#4205=CARTESIAN_POINT('',(180.04,-147.17,-0.046));
#4206=CARTESIAN_POINT('Origin',(182.58,-153.,-0.046));
#4207=CARTESIAN_POINT('',(182.58,-152.15,-0.046));
#4208=CARTESIAN_POINT('Origin',(191.42,-153.,-0.046));
#4209=CARTESIAN_POINT('',(191.42,-152.15,-0.046));
#4210=CARTESIAN_POINT('Origin',(196.5,-153.,-0.046));
#4211=CARTESIAN_POINT('',(196.5,-151.,-0.046));
#4212=CARTESIAN_POINT('Origin',(192.69,-150.46,-0.046));
#4213=CARTESIAN_POINT('',(192.69,-149.71,-0.046));
#4214=CARTESIAN_POINT('Origin',(201.58,-153.,-0.046));
#4215=CARTESIAN_POINT('',(201.58,-152.15,-0.046));
#4216=CARTESIAN_POINT('Origin',(199.04,-147.92,-0.046));
#4217=CARTESIAN_POINT('',(199.04,-147.17,-0.046));
#4218=CARTESIAN_POINT('Origin',(117.69,-135.5,-0.046));
#4219=CARTESIAN_POINT('',(117.69,-135.1,-0.046));
#4220=CARTESIAN_POINT('Origin',(117.69,-131.5,-0.046));
#4221=CARTESIAN_POINT('',(117.69,-131.1,-0.046));
#4222=CARTESIAN_POINT('Origin',(125.31,-135.5,-0.046));
#4223=CARTESIAN_POINT('',(125.31,-135.1,-0.046));
#4224=CARTESIAN_POINT('Origin',(125.31,-131.5,-0.046));
#4225=CARTESIAN_POINT('',(125.31,-131.1,-0.046));
#4226=CARTESIAN_POINT('Origin',(134.69,-135.5,-0.046));
#4227=CARTESIAN_POINT('',(134.69,-135.1,-0.046));
#4228=CARTESIAN_POINT('Origin',(134.69,-131.5,-0.046));
#4229=CARTESIAN_POINT('',(134.69,-131.1,-0.046));
#4230=CARTESIAN_POINT('Origin',(142.31,-135.5,-0.046));
#4231=CARTESIAN_POINT('',(142.31,-135.1,-0.046));
#4232=CARTESIAN_POINT('Origin',(142.31,-131.5,-0.046));
#4233=CARTESIAN_POINT('',(142.31,-131.1,-0.046));
#4234=CARTESIAN_POINT('Origin',(153.379998,-134.,-0.046));
#4235=CARTESIAN_POINT('',(153.379998,-133.15,-0.046));
#4236=CARTESIAN_POINT('Origin',(158.459998,-134.,-0.046));
#4237=CARTESIAN_POINT('',(158.459998,-132.,-0.046));
#4238=CARTESIAN_POINT('Origin',(154.649998,-131.46,-0.046));
#4239=CARTESIAN_POINT('',(154.649998,-130.71,-0.046));
#4240=CARTESIAN_POINT('Origin',(123.2645,-114.832015,-0.046));
#4241=CARTESIAN_POINT('',(123.2645,-114.332015,-0.046));
#4242=CARTESIAN_POINT('Origin',(123.2645,-112.292015,-0.046));
#4243=CARTESIAN_POINT('',(123.2645,-111.792015,-0.046));
#4244=CARTESIAN_POINT('Origin',(123.2645,-109.752015,-0.046));
#4245=CARTESIAN_POINT('',(123.2645,-109.252015,-0.046));
#4246=CARTESIAN_POINT('Origin',(138.5145,-114.832015,-0.046));
#4247=CARTESIAN_POINT('',(138.5145,-114.332015,-0.046));
#4248=CARTESIAN_POINT('Origin',(138.5145,-112.292015,-0.046));
#4249=CARTESIAN_POINT('',(138.5145,-111.792015,-0.046));
#4250=CARTESIAN_POINT('Origin',(138.5145,-109.752015,-0.046));
#4251=CARTESIAN_POINT('',(138.5145,-109.252015,-0.046));
#4252=CARTESIAN_POINT('Origin',(123.2645,-107.212015,-0.046));
#4253=CARTESIAN_POINT('',(123.2645,-106.712015,-0.046));
#4254=CARTESIAN_POINT('Origin',(123.2645,-104.672015,-0.046));
#4255=CARTESIAN_POINT('',(123.2645,-104.172015,-0.046));
#4256=CARTESIAN_POINT('Origin',(123.2645,-102.132015,-0.046));
#4257=CARTESIAN_POINT('',(123.2645,-101.632015,-0.046));
#4258=CARTESIAN_POINT('Origin',(123.2645,-99.592015,-0.046));
#4259=CARTESIAN_POINT('',(123.2645,-99.092015,-0.046));
#4260=CARTESIAN_POINT('Origin',(138.5145,-107.212015,-0.046));
#4261=CARTESIAN_POINT('',(138.5145,-106.712015,-0.046));
#4262=CARTESIAN_POINT('Origin',(138.5145,-104.672015,-0.046));
#4263=CARTESIAN_POINT('',(138.5145,-104.172015,-0.046));
#4264=CARTESIAN_POINT('Origin',(138.5145,-102.132015,-0.046));
#4265=CARTESIAN_POINT('',(138.5145,-101.632015,-0.046));
#4266=CARTESIAN_POINT('Origin',(138.5145,-99.592015,-0.046));
#4267=CARTESIAN_POINT('',(138.5145,-99.092015,-0.046));
#4268=CARTESIAN_POINT('Origin',(153.42,-115.,-0.046));
#4269=CARTESIAN_POINT('',(153.42,-114.15,-0.046));
#4270=CARTESIAN_POINT('Origin',(158.5,-115.,-0.046));
#4271=CARTESIAN_POINT('',(158.5,-113.,-0.046));
#4272=CARTESIAN_POINT('Origin',(154.69,-112.46,-0.046));
#4273=CARTESIAN_POINT('',(154.69,-111.71,-0.046));
#4274=CARTESIAN_POINT('Origin',(163.539998,-134.,-0.046));
#4275=CARTESIAN_POINT('',(163.539998,-133.15,-0.046));
#4276=CARTESIAN_POINT('Origin',(160.999998,-128.92,-0.046));
#4277=CARTESIAN_POINT('',(160.999998,-128.17,-0.046));
#4278=CARTESIAN_POINT('Origin',(172.42,-134.,-0.046));
#4279=CARTESIAN_POINT('',(172.42,-133.15,-0.046));
#4280=CARTESIAN_POINT('Origin',(173.69,-131.46,-0.046));
#4281=CARTESIAN_POINT('',(173.69,-130.71,-0.046));
#4282=CARTESIAN_POINT('Origin',(177.5,-134.,-0.046));
#4283=CARTESIAN_POINT('',(177.5,-132.,-0.046));
#4284=CARTESIAN_POINT('Origin',(180.04,-128.92,-0.046));
#4285=CARTESIAN_POINT('',(180.04,-128.17,-0.046));
#4286=CARTESIAN_POINT('Origin',(182.58,-134.,-0.046));
#4287=CARTESIAN_POINT('',(182.58,-133.15,-0.046));
#4288=CARTESIAN_POINT('Origin',(191.5,-134.,-0.046));
#4289=CARTESIAN_POINT('',(191.5,-133.15,-0.046));
#4290=CARTESIAN_POINT('Origin',(196.58,-134.,-0.046));
#4291=CARTESIAN_POINT('',(196.58,-132.,-0.046));
#4292=CARTESIAN_POINT('Origin',(192.77,-131.46,-0.046));
#4293=CARTESIAN_POINT('',(192.77,-130.71,-0.046));
#4294=CARTESIAN_POINT('Origin',(201.66,-134.,-0.046));
#4295=CARTESIAN_POINT('',(201.66,-133.15,-0.046));
#4296=CARTESIAN_POINT('Origin',(199.12,-128.92,-0.046));
#4297=CARTESIAN_POINT('',(199.12,-128.17,-0.046));
#4298=CARTESIAN_POINT('Origin',(163.58,-115.,-0.046));
#4299=CARTESIAN_POINT('',(163.58,-114.15,-0.046));
#4300=CARTESIAN_POINT('Origin',(161.04,-109.92,-0.046));
#4301=CARTESIAN_POINT('',(161.04,-109.17,-0.046));
#4302=CARTESIAN_POINT('Origin',(172.42,-115.,-0.046));
#4303=CARTESIAN_POINT('',(172.42,-114.15,-0.046));
#4304=CARTESIAN_POINT('Origin',(177.5,-115.,-0.046));
#4305=CARTESIAN_POINT('',(177.5,-113.,-0.046));
#4306=CARTESIAN_POINT('Origin',(173.69,-112.46,-0.046));
#4307=CARTESIAN_POINT('',(173.69,-111.71,-0.046));
#4308=CARTESIAN_POINT('Origin',(180.04,-109.92,-0.046));
#4309=CARTESIAN_POINT('',(180.04,-109.17,-0.046));
#4310=CARTESIAN_POINT('Origin',(182.58,-115.,-0.046));
#4311=CARTESIAN_POINT('',(182.58,-114.15,-0.046));
#4312=CARTESIAN_POINT('Origin',(191.42,-115.,-0.046));
#4313=CARTESIAN_POINT('',(191.42,-114.15,-0.046));
#4314=CARTESIAN_POINT('Origin',(196.5,-115.,-0.046));
#4315=CARTESIAN_POINT('',(196.5,-113.,-0.046));
#4316=CARTESIAN_POINT('Origin',(201.58,-115.,-0.046));
#4317=CARTESIAN_POINT('',(201.58,-114.15,-0.046));
#4318=CARTESIAN_POINT('Origin',(192.69,-112.46,-0.046));
#4319=CARTESIAN_POINT('',(192.69,-111.71,-0.046));
#4320=CARTESIAN_POINT('Origin',(199.04,-109.92,-0.046));
#4321=CARTESIAN_POINT('',(199.04,-109.17,-0.046));
#4322=CARTESIAN_POINT('Origin',(186.,-101.,-0.046));
#4323=CARTESIAN_POINT('',(186.,-99.4,-0.046));
#4324=CARTESIAN_POINT('',(117.88,-140.,1.595));
#4325=CARTESIAN_POINT('',(117.88,-144.5,1.595));
#4326=CARTESIAN_POINT('',(125.31,-131.5,1.595));
#4327=CARTESIAN_POINT('',(134.38,-140.,1.595));
#4328=CARTESIAN_POINT('',(134.19,-144.5,1.595));
#4329=CARTESIAN_POINT('',(117.69,-135.5,1.595));
#4330=CARTESIAN_POINT('',(125.38,-151.,1.595));
#4331=CARTESIAN_POINT('',(134.69,-131.5,1.595));
#4332=CARTESIAN_POINT('',(134.69,-135.5,1.595));
#4333=CARTESIAN_POINT('',(-121.4,152.6,4.49));
#4334=CARTESIAN_POINT('Origin',(38.6,15.1,18.));
#4335=CARTESIAN_POINT('',(-9.8,60.,18.));
#4336=CARTESIAN_POINT('',(-12.8,57.,18.));
#4337=CARTESIAN_POINT('Origin',(-9.80000000000001,57.,18.));
#4338=CARTESIAN_POINT('',(-12.8,-26.8,18.));
#4339=CARTESIAN_POINT('',(-12.8,-29.8,18.));
#4340=CARTESIAN_POINT('',(-9.8,-29.8,18.));
#4341=CARTESIAN_POINT('Origin',(-9.80000000000001,-26.8,18.));
#4342=CARTESIAN_POINT('',(87.,-29.8,18.));
#4343=CARTESIAN_POINT('',(90.,-29.8,18.));
#4344=CARTESIAN_POINT('',(90.,-26.8,18.));
#4345=CARTESIAN_POINT('Origin',(87.,-26.8,18.));
#4346=CARTESIAN_POINT('',(90.,57.,18.));
#4347=CARTESIAN_POINT('',(90.,60.,18.));
#4348=CARTESIAN_POINT('',(87.,60.,18.));
#4349=CARTESIAN_POINT('Origin',(87.,57.,18.));
#4350=CARTESIAN_POINT('',(88.,60.,18.));
#4351=CARTESIAN_POINT('',(88.,-27.8,18.));
#4352=CARTESIAN_POINT('',(-10.8,-27.8,18.));
#4353=CARTESIAN_POINT('',(-12.8,-27.8,18.));
#4354=CARTESIAN_POINT('',(-10.8,58.,18.));
#4355=CARTESIAN_POINT('',(-10.8,60.,18.));
#4356=CARTESIAN_POINT('',(88.,58.,18.));
#4357=CARTESIAN_POINT('',(90.,58.,18.));
#4358=CARTESIAN_POINT('',(88.,-29.8,18.));
#4359=CARTESIAN_POINT('Origin',(3.59999999999999,59.,12.));
#4360=CARTESIAN_POINT('',(1.99999999999999,58.,12.));
#4361=CARTESIAN_POINT('',(1.99999999999999,60.,12.));
#4362=CARTESIAN_POINT('Origin',(1.99999999999999,59.,12.));
#4363=CARTESIAN_POINT('',(19.,60.,12.));
#4364=CARTESIAN_POINT('',(54.,60.,12.));
#4365=CARTESIAN_POINT('',(19.,58.,12.));
#4366=CARTESIAN_POINT('Origin',(19.,59.,12.));
#4367=CARTESIAN_POINT('',(3.59999999999999,58.,12.));
#4368=CARTESIAN_POINT('Origin',(19.,59.,4.5));
#4369=CARTESIAN_POINT('',(19.,60.,5.));
#4370=CARTESIAN_POINT('',(19.,58.,5.));
#4371=CARTESIAN_POINT('Origin',(19.,59.,5.));
#4372=CARTESIAN_POINT('',(19.,58.,4.5));
#4373=CARTESIAN_POINT('',(19.,60.,3.));
#4374=CARTESIAN_POINT('Origin',(1.99999999999999,59.,7.));
#4375=CARTESIAN_POINT('',(1.99999999999999,58.,5.));
#4376=CARTESIAN_POINT('',(1.99999999999999,60.,5.));
#4377=CARTESIAN_POINT('Origin',(1.99999999999999,59.,5.));
#4378=CARTESIAN_POINT('',(1.99999999999999,60.,5.5));
#4379=CARTESIAN_POINT('',(1.99999999999999,58.,7.));
#4380=CARTESIAN_POINT('Origin',(-3.90000000000001,59.,5.));
#4381=CARTESIAN_POINT('',(-3.90000000000001,58.,5.));
#4382=CARTESIAN_POINT('',(46.5,60.,5.));
#4383=CARTESIAN_POINT('Origin',(8.09999999999998,-9.4,6.));
#4384=CARTESIAN_POINT('',(10.7,-9.4,6.));
#4385=CARTESIAN_POINT('Origin',(8.09999999999998,-9.4,6.));
#4386=CARTESIAN_POINT('',(10.7,-9.4,5.));
#4387=CARTESIAN_POINT('',(10.7,-9.4,6.));
#4388=CARTESIAN_POINT('Origin',(8.09999999999998,-9.4,5.));
#4389=CARTESIAN_POINT('Origin',(8.09999999999998,-9.4,5.));
#4390=CARTESIAN_POINT('Origin',(64.6,51.6,6.));
#4391=CARTESIAN_POINT('',(67.2,51.6,6.));
#4392=CARTESIAN_POINT('Origin',(64.6,51.6,6.));
#4393=CARTESIAN_POINT('',(67.2,51.6,5.));
#4394=CARTESIAN_POINT('',(67.2,51.6,6.));
#4395=CARTESIAN_POINT('Origin',(64.6,51.6,5.));
#4396=CARTESIAN_POINT('Origin',(64.6,51.6,5.));
#4397=CARTESIAN_POINT('Origin',(8.09999999999998,-9.4,3.));
#4398=CARTESIAN_POINT('',(11.6,-9.4,6.));
#4399=CARTESIAN_POINT('Origin',(8.09999999999998,-9.4,6.));
#4400=CARTESIAN_POINT('',(11.6,-9.4,3.));
#4401=CARTESIAN_POINT('',(11.6,-9.4,3.));
#4402=CARTESIAN_POINT('Origin',(8.09999999999998,-9.4,3.));
#4403=CARTESIAN_POINT('Origin',(8.00000011920929,-9.50000014156103,6.));
#4404=CARTESIAN_POINT('Origin',(38.6,15.1,0.));
#4405=CARTESIAN_POINT('',(-9.8,60.,0.));
#4406=CARTESIAN_POINT('',(-12.8,57.,0.));
#4407=CARTESIAN_POINT('Origin',(-9.80000000000001,57.,0.));
#4408=CARTESIAN_POINT('',(87.,60.,0.));
#4409=CARTESIAN_POINT('',(90.,60.,0.));
#4410=CARTESIAN_POINT('',(90.,57.,0.));
#4411=CARTESIAN_POINT('Origin',(87.,57.,0.));
#4412=CARTESIAN_POINT('',(90.,-26.8,0.));
#4413=CARTESIAN_POINT('',(90.,-29.8,0.));
#4414=CARTESIAN_POINT('',(87.,-29.8,0.));
#4415=CARTESIAN_POINT('Origin',(87.,-26.8,0.));
#4416=CARTESIAN_POINT('',(-9.80000000000001,-29.8,0.));
#4417=CARTESIAN_POINT('',(-12.8,-29.8,0.));
#4418=CARTESIAN_POINT('',(-12.8,-26.8,0.));
#4419=CARTESIAN_POINT('Origin',(-9.80000000000001,-26.8,0.));
#4420=CARTESIAN_POINT('',(-12.8,60.,0.));
#4421=CARTESIAN_POINT('Origin',(70.1,-17.9,6.));
#4422=CARTESIAN_POINT('',(72.7,-17.9,6.));
#4423=CARTESIAN_POINT('Origin',(70.1,-17.9,6.));
#4424=CARTESIAN_POINT('',(72.7,-17.9,5.));
#4425=CARTESIAN_POINT('',(72.7,-17.9,6.));
#4426=CARTESIAN_POINT('Origin',(70.1,-17.9,5.));
#4427=CARTESIAN_POINT('Origin',(70.1,-17.9,5.));
#4428=CARTESIAN_POINT('Origin',(70.1,-17.9,3.));
#4429=CARTESIAN_POINT('',(73.1,-17.9,6.));
#4430=CARTESIAN_POINT('Origin',(70.1,-17.9,6.));
#4431=CARTESIAN_POINT('',(73.1,-17.9,3.));
#4432=CARTESIAN_POINT('',(73.1,-17.9,3.));
#4433=CARTESIAN_POINT('Origin',(70.1,-17.9,3.));
#4434=CARTESIAN_POINT('Origin',(70.1,-17.9,6.));
#4435=CARTESIAN_POINT('Origin',(64.6,51.6,3.));
#4436=CARTESIAN_POINT('',(67.6,51.6,6.));
#4437=CARTESIAN_POINT('Origin',(64.6,51.6,6.));
#4438=CARTESIAN_POINT('',(67.6,51.6,3.));
#4439=CARTESIAN_POINT('',(67.6,51.6,3.));
#4440=CARTESIAN_POINT('Origin',(64.6,51.6,3.));
#4441=CARTESIAN_POINT('Origin',(64.6,51.6,6.));
#4442=CARTESIAN_POINT('Origin',(-9.80000000000001,57.,0.));
#4443=CARTESIAN_POINT('',(-9.80000000000001,60.,0.));
#4444=CARTESIAN_POINT('',(-12.8,57.,0.));
#4445=CARTESIAN_POINT('Origin',(90.,60.,0.));
#4446=CARTESIAN_POINT('',(87.,60.,0.));
#4447=CARTESIAN_POINT('Origin',(87.,57.,0.));
#4448=CARTESIAN_POINT('',(90.,57.,0.));
#4449=CARTESIAN_POINT('Origin',(90.,-29.8,0.));
#4450=CARTESIAN_POINT('',(90.,-26.8,0.));
#4451=CARTESIAN_POINT('Origin',(87.,-26.8,0.));
#4452=CARTESIAN_POINT('',(87.,-29.8,0.));
#4453=CARTESIAN_POINT('Origin',(-12.8,-29.8,0.));
#4454=CARTESIAN_POINT('',(-9.80000000000001,-29.8,0.));
#4455=CARTESIAN_POINT('Origin',(-9.80000000000001,-26.8,0.));
#4456=CARTESIAN_POINT('',(-12.8,-26.8,0.));
#4457=CARTESIAN_POINT('Origin',(-12.8,60.,0.));
#4458=CARTESIAN_POINT('Origin',(88.,58.,3.));
#4459=CARTESIAN_POINT('',(88.,-27.8,3.));
#4460=CARTESIAN_POINT('',(88.,58.,3.));
#4461=CARTESIAN_POINT('',(88.,36.55,3.));
#4462=CARTESIAN_POINT('',(88.,-27.8,3.));
#4463=CARTESIAN_POINT('',(88.,58.,3.));
#4464=CARTESIAN_POINT('Origin',(-10.8,58.,3.));
#4465=CARTESIAN_POINT('',(-10.8,58.,3.));
#4466=CARTESIAN_POINT('',(13.9,58.,3.));
#4467=CARTESIAN_POINT('',(-10.8,58.,3.));
#4468=CARTESIAN_POINT('Origin',(-10.8,-27.8,3.));
#4469=CARTESIAN_POINT('',(-10.8,-27.8,3.));
#4470=CARTESIAN_POINT('',(-10.8,-6.35000000000001,3.));
#4471=CARTESIAN_POINT('',(-10.8,-27.8,3.));
#4472=CARTESIAN_POINT('Origin',(88.,-27.8,3.));
#4473=CARTESIAN_POINT('',(63.3,-27.8,3.));
#4474=CARTESIAN_POINT('Origin',(38.6,15.1,3.));
#4475=CARTESIAN_POINT('Origin',(8.09999999999998,-9.4,3.));
#4476=CARTESIAN_POINT('',(10.7,-9.4,2.));
#4477=CARTESIAN_POINT('Origin',(8.09999999999998,-9.4,2.));
#4478=CARTESIAN_POINT('',(10.7,-9.4,3.));
#4479=CARTESIAN_POINT('',(10.7,-9.4,3.));
#4480=CARTESIAN_POINT('Origin',(8.09999999999998,-9.4,3.));
#4481=CARTESIAN_POINT('Origin',(8.09999999999998,-9.4,3.));
#4482=CARTESIAN_POINT('Origin',(8.09999999999998,-9.4,2.));
#4483=CARTESIAN_POINT('',(0.,0.,0.));
#4484=UNCERTAINTY_MEASURE_WITH_UNIT(LENGTH_MEASURE(0.01),#4512,
'DISTANCE_ACCURACY_VALUE',
'Maximum model space distance between geometric entities at asserted c
onnectivities');
#4485=UNCERTAINTY_MEASURE_WITH_UNIT(LENGTH_MEASURE(0.01),#4512,
'DISTANCE_ACCURACY_VALUE',
'Maximum model space distance between geometric entities at asserted c
onnectivities');
#4486=UNCERTAINTY_MEASURE_WITH_UNIT(LENGTH_MEASURE(0.01),#4512,
'DISTANCE_ACCURACY_VALUE',
'Maximum model space distance between geometric entities at asserted c
onnectivities');
#4487=UNCERTAINTY_MEASURE_WITH_UNIT(LENGTH_MEASURE(0.01),#4512,
'DISTANCE_ACCURACY_VALUE',
'Maximum model space distance between geometric entities at asserted c
onnectivities');
#4488=UNCERTAINTY_MEASURE_WITH_UNIT(LENGTH_MEASURE(0.01),#4512,
'DISTANCE_ACCURACY_VALUE',
'Maximum model space distance between geometric entities at asserted c
onnectivities');
#4489=UNCERTAINTY_MEASURE_WITH_UNIT(LENGTH_MEASURE(0.01),#4512,
'DISTANCE_ACCURACY_VALUE',
'Maximum model space distance between geometric entities at asserted c
onnectivities');
#4490=UNCERTAINTY_MEASURE_WITH_UNIT(LENGTH_MEASURE(0.01),#4512,
'DISTANCE_ACCURACY_VALUE',
'Maximum model space distance between geometric entities at asserted c
onnectivities');
#4491=UNCERTAINTY_MEASURE_WITH_UNIT(LENGTH_MEASURE(0.01),#4512,
'DISTANCE_ACCURACY_VALUE',
'Maximum model space distance between geometric entities at asserted c
onnectivities');
#4492=UNCERTAINTY_MEASURE_WITH_UNIT(LENGTH_MEASURE(0.01),#4512,
'DISTANCE_ACCURACY_VALUE',
'Maximum model space distance between geometric entities at asserted c
onnectivities');
#4493=UNCERTAINTY_MEASURE_WITH_UNIT(LENGTH_MEASURE(0.01),#4512,
'DISTANCE_ACCURACY_VALUE',
'Maximum model space distance between geometric entities at asserted c
onnectivities');
#4494=UNCERTAINTY_MEASURE_WITH_UNIT(LENGTH_MEASURE(0.01),#4512,
'DISTANCE_ACCURACY_VALUE',
'Maximum model space distance between geometric entities at asserted c
onnectivities');
#4495=UNCERTAINTY_MEASURE_WITH_UNIT(LENGTH_MEASURE(0.01),#4512,
'DISTANCE_ACCURACY_VALUE',
'Maximum model space distance between geometric entities at asserted c
onnectivities');
#4496=UNCERTAINTY_MEASURE_WITH_UNIT(LENGTH_MEASURE(0.01),#4512,
'DISTANCE_ACCURACY_VALUE',
'Maximum model space distance between geometric entities at asserted c
onnectivities');
#4497=UNCERTAINTY_MEASURE_WITH_UNIT(LENGTH_MEASURE(0.01),#4512,
'DISTANCE_ACCURACY_VALUE',
'Maximum model space distance between geometric entities at asserted c
onnectivities');
#4498=(
GEOMETRIC_REPRESENTATION_CONTEXT(3)
GLOBAL_UNCERTAINTY_ASSIGNED_CONTEXT((#4484))
GLOBAL_UNIT_ASSIGNED_CONTEXT((#4512,#4514,#4515))
REPRESENTATION_CONTEXT('','3D')
);
#4499=(
GEOMETRIC_REPRESENTATION_CONTEXT(3)
GLOBAL_UNCERTAINTY_ASSIGNED_CONTEXT((#4485))
GLOBAL_UNIT_ASSIGNED_CONTEXT((#4512,#4514,#4515))
REPRESENTATION_CONTEXT('','3D')
);
#4500=(
GEOMETRIC_REPRESENTATION_CONTEXT(3)
GLOBAL_UNCERTAINTY_ASSIGNED_CONTEXT((#4486))
GLOBAL_UNIT_ASSIGNED_CONTEXT((#4512,#4514,#4515))
REPRESENTATION_CONTEXT('','3D')
);
#4501=(
GEOMETRIC_REPRESENTATION_CONTEXT(3)
GLOBAL_UNCERTAINTY_ASSIGNED_CONTEXT((#4487))
GLOBAL_UNIT_ASSIGNED_CONTEXT((#4512,#4514,#4515))
REPRESENTATION_CONTEXT('','3D')
);
#4502=(
GEOMETRIC_REPRESENTATION_CONTEXT(3)
GLOBAL_UNCERTAINTY_ASSIGNED_CONTEXT((#4488))
GLOBAL_UNIT_ASSIGNED_CONTEXT((#4512,#4514,#4515))
REPRESENTATION_CONTEXT('','3D')
);
#4503=(
GEOMETRIC_REPRESENTATION_CONTEXT(3)
GLOBAL_UNCERTAINTY_ASSIGNED_CONTEXT((#4489))
GLOBAL_UNIT_ASSIGNED_CONTEXT((#4512,#4514,#4515))
REPRESENTATION_CONTEXT('','3D')
);
#4504=(
GEOMETRIC_REPRESENTATION_CONTEXT(3)
GLOBAL_UNCERTAINTY_ASSIGNED_CONTEXT((#4490))
GLOBAL_UNIT_ASSIGNED_CONTEXT((#4512,#4514,#4515))
REPRESENTATION_CONTEXT('','3D')
);
#4505=(
GEOMETRIC_REPRESENTATION_CONTEXT(3)
GLOBAL_UNCERTAINTY_ASSIGNED_CONTEXT((#4491))
GLOBAL_UNIT_ASSIGNED_CONTEXT((#4512,#4514,#4515))
REPRESENTATION_CONTEXT('','3D')
);
#4506=(
GEOMETRIC_REPRESENTATION_CONTEXT(3)
GLOBAL_UNCERTAINTY_ASSIGNED_CONTEXT((#4492))
GLOBAL_UNIT_ASSIGNED_CONTEXT((#4512,#4514,#4515))
REPRESENTATION_CONTEXT('','3D')
);
#4507=(
GEOMETRIC_REPRESENTATION_CONTEXT(3)
GLOBAL_UNCERTAINTY_ASSIGNED_CONTEXT((#4493))
GLOBAL_UNIT_ASSIGNED_CONTEXT((#4512,#4514,#4515))
REPRESENTATION_CONTEXT('','3D')
);
#4508=(
GEOMETRIC_REPRESENTATION_CONTEXT(3)
GLOBAL_UNCERTAINTY_ASSIGNED_CONTEXT((#4494))
GLOBAL_UNIT_ASSIGNED_CONTEXT((#4512,#4514,#4515))
REPRESENTATION_CONTEXT('','3D')
);
#4509=(
GEOMETRIC_REPRESENTATION_CONTEXT(3)
GLOBAL_UNCERTAINTY_ASSIGNED_CONTEXT((#4495))
GLOBAL_UNIT_ASSIGNED_CONTEXT((#4512,#4514,#4515))
REPRESENTATION_CONTEXT('','3D')
);
#4510=(
GEOMETRIC_REPRESENTATION_CONTEXT(3)
GLOBAL_UNCERTAINTY_ASSIGNED_CONTEXT((#4496))
GLOBAL_UNIT_ASSIGNED_CONTEXT((#4512,#4514,#4515))
REPRESENTATION_CONTEXT('','3D')
);
#4511=(
GEOMETRIC_REPRESENTATION_CONTEXT(3)
GLOBAL_UNCERTAINTY_ASSIGNED_CONTEXT((#4497))
GLOBAL_UNIT_ASSIGNED_CONTEXT((#4512,#4514,#4515))
REPRESENTATION_CONTEXT('','3D')
);
#4512=(
LENGTH_UNIT()
NAMED_UNIT(*)
SI_UNIT(.MILLI.,.METRE.)
);
#4513=(
LENGTH_UNIT()
NAMED_UNIT(*)
SI_UNIT($,.METRE.)
);
#4514=(
NAMED_UNIT(*)
PLANE_ANGLE_UNIT()
SI_UNIT($,.RADIAN.)
);
#4515=(
NAMED_UNIT(*)
SI_UNIT($,.STERADIAN.)
SOLID_ANGLE_UNIT()
);
#4516=SHAPE_DEFINITION_REPRESENTATION(#4529,#4562);
#4517=SHAPE_DEFINITION_REPRESENTATION(#4530,#4563);
#4518=SHAPE_DEFINITION_REPRESENTATION(#4531,#4564);
#4519=SHAPE_DEFINITION_REPRESENTATION(#4532,#4565);
#4520=SHAPE_DEFINITION_REPRESENTATION(#4533,#4566);
#4521=SHAPE_DEFINITION_REPRESENTATION(#4534,#4567);
#4522=SHAPE_DEFINITION_REPRESENTATION(#4535,#4568);
#4523=SHAPE_DEFINITION_REPRESENTATION(#4536,#4569);
#4524=SHAPE_DEFINITION_REPRESENTATION(#4537,#4570);
#4525=SHAPE_DEFINITION_REPRESENTATION(#4538,#4571);
#4526=SHAPE_DEFINITION_REPRESENTATION(#4539,#4572);
#4527=SHAPE_DEFINITION_REPRESENTATION(#4540,#4573);
#4528=SHAPE_DEFINITION_REPRESENTATION(#4550,#4574);
#4529=PRODUCT_DEFINITION_SHAPE('',$,#4576);
#4530=PRODUCT_DEFINITION_SHAPE('',$,#4577);
#4531=PRODUCT_DEFINITION_SHAPE('',$,#4578);
#4532=PRODUCT_DEFINITION_SHAPE('',$,#4579);
#4533=PRODUCT_DEFINITION_SHAPE('',$,#4580);
#4534=PRODUCT_DEFINITION_SHAPE('',$,#4581);
#4535=PRODUCT_DEFINITION_SHAPE('',$,#4582);
#4536=PRODUCT_DEFINITION_SHAPE('',$,#4583);
#4537=PRODUCT_DEFINITION_SHAPE('',$,#4584);
#4538=PRODUCT_DEFINITION_SHAPE('',$,#4585);
#4539=PRODUCT_DEFINITION_SHAPE('',$,#4586);
#4540=PRODUCT_DEFINITION_SHAPE('',$,#4587);
#4541=PRODUCT_DEFINITION_SHAPE($,$,#2577);
#4542=PRODUCT_DEFINITION_SHAPE($,$,#2578);
#4543=PRODUCT_DEFINITION_SHAPE($,$,#2579);
#4544=PRODUCT_DEFINITION_SHAPE($,$,#2580);
#4545=PRODUCT_DEFINITION_SHAPE($,$,#2581);
#4546=PRODUCT_DEFINITION_SHAPE($,$,#2582);
#4547=PRODUCT_DEFINITION_SHAPE($,$,#2583);
#4548=PRODUCT_DEFINITION_SHAPE($,$,#2584);
#4549=PRODUCT_DEFINITION_SHAPE($,$,#2585);
#4550=PRODUCT_DEFINITION_SHAPE('',$,#4588);
#4551=PRODUCT_DEFINITION_SHAPE($,$,#2586);
#4552=PRODUCT_DEFINITION_SHAPE($,$,#2587);
#4553=PRODUCT_DEFINITION_SHAPE($,$,#2588);
#4554=PRODUCT_DEFINITION_SHAPE($,$,#2589);
#4555=PRODUCT_DEFINITION_SHAPE($,$,#2590);
#4556=PRODUCT_DEFINITION_SHAPE($,$,#2591);
#4557=PRODUCT_DEFINITION_SHAPE($,$,#2592);
#4558=PRODUCT_DEFINITION_SHAPE($,$,#2593);
#4559=PRODUCT_DEFINITION_SHAPE($,$,#2594);
#4560=PRODUCT_DEFINITION_SHAPE($,$,#2595);
#4561=PRODUCT_DEFINITION_SHAPE($,$,#2596);
#4562=SHAPE_REPRESENTATION('',(#2620,#2960),#4498);
#4563=SHAPE_REPRESENTATION('',(#2621,#2890,#2891,#2892,#2893,#2894,#2895,
#2896,#2897,#2898,#2899),#4499);
#4564=SHAPE_REPRESENTATION('',(#2622,#2632),#4500);
#4565=SHAPE_REPRESENTATION('',(#2623,#2633),#4501);
#4566=SHAPE_REPRESENTATION('',(#2624,#2634),#4502);
#4567=SHAPE_REPRESENTATION('',(#2625,#2635),#4503);
#4568=SHAPE_REPRESENTATION('',(#2626,#2636),#4504);
#4569=SHAPE_REPRESENTATION('',(#2627,#2637),#4505);
#4570=SHAPE_REPRESENTATION('',(#2628,#2638),#4506);
#4571=SHAPE_REPRESENTATION('',(#2629,#2639),#4507);
#4572=SHAPE_REPRESENTATION('',(#2630,#2640),#4508);
#4573=SHAPE_REPRESENTATION('',(#2631),#4509);
#4574=SHAPE_REPRESENTATION('',(#2641),#4510);
#4575=PRODUCT_DEFINITION_CONTEXT('part definition',#4616,'design');
#4576=PRODUCT_DEFINITION('2026-06-20-14-39-24-865',
'bottom case (~recovered)',#4589,#4575);
#4577=PRODUCT_DEFINITION('pcb','pcb',#4590,#4575);
#4578=PRODUCT_DEFINITION('D_DO-35_SOD27_P7.62mm_Horizontal (1)',
'D_DO-35_SOD27_P7.62mm_Horizontal (1)',#4591,#4575);
#4579=PRODUCT_DEFINITION('D_DO-35_SOD27_P7.62mm_Horizontal (1)_1',
'D_DO-35_SOD27_P7.62mm_Horizontal (1)',#4592,#4575);
#4580=PRODUCT_DEFINITION('D_DO-35_SOD27_P7.62mm_Horizontal (1)_2',
'D_DO-35_SOD27_P7.62mm_Horizontal (1)',#4593,#4575);
#4581=PRODUCT_DEFINITION('D_DO-35_SOD27_P7.62mm_Horizontal (1)_3',
'D_DO-35_SOD27_P7.62mm_Horizontal (1)',#4594,#4575);
#4582=PRODUCT_DEFINITION('D_DO-35_SOD27_P7.62mm_Horizontal (1)_4',
'D_DO-35_SOD27_P7.62mm_Horizontal (1)',#4595,#4575);
#4583=PRODUCT_DEFINITION('D_DO-35_SOD27_P7.62mm_Horizontal (1)_5',
'D_DO-35_SOD27_P7.62mm_Horizontal (1)',#4596,#4575);
#4584=PRODUCT_DEFINITION('D_DO-35_SOD27_P7.62mm_Horizontal (1)_6',
'D_DO-35_SOD27_P7.62mm_Horizontal (1)',#4597,#4575);
#4585=PRODUCT_DEFINITION('D_DO-35_SOD27_P7.62mm_Horizontal (1)_7',
'D_DO-35_SOD27_P7.62mm_Horizontal (1)',#4598,#4575);
#4586=PRODUCT_DEFINITION('D_DO-35_SOD27_P7.62mm_Horizontal (1)_8',
'D_DO-35_SOD27_P7.62mm_Horizontal (1)',#4599,#4575);
#4587=PRODUCT_DEFINITION('D_DO-35_SOD27_P7.62mm_Horizontal',
'D_DO-35_SOD27_P7.62mm_Horizontal',#4600,#4575);
#4588=PRODUCT_DEFINITION('circuitss_PCB','circuitss_PCB',#4601,#4575);
#4589=PRODUCT_DEFINITION_FORMATION('',$,#4618);
#4590=PRODUCT_DEFINITION_FORMATION('',$,#4619);
#4591=PRODUCT_DEFINITION_FORMATION('',$,#4620);
#4592=PRODUCT_DEFINITION_FORMATION('',$,#4621);
#4593=PRODUCT_DEFINITION_FORMATION('',$,#4622);
#4594=PRODUCT_DEFINITION_FORMATION('',$,#4623);
#4595=PRODUCT_DEFINITION_FORMATION('',$,#4624);
#4596=PRODUCT_DEFINITION_FORMATION('',$,#4625);
#4597=PRODUCT_DEFINITION_FORMATION('',$,#4626);
#4598=PRODUCT_DEFINITION_FORMATION('',$,#4627);
#4599=PRODUCT_DEFINITION_FORMATION('',$,#4628);
#4600=PRODUCT_DEFINITION_FORMATION('',$,#4629);
#4601=PRODUCT_DEFINITION_FORMATION('',$,#4630);
#4602=PRODUCT_RELATED_PRODUCT_CATEGORY('bottom case (~recovered)',
'bottom case (~recovered)',(#4618));
#4603=PRODUCT_RELATED_PRODUCT_CATEGORY('pcb','pcb',(#4619));
#4604=PRODUCT_RELATED_PRODUCT_CATEGORY(
'D_DO-35_SOD27_P7.62mm_Horizontal (1)',
'D_DO-35_SOD27_P7.62mm_Horizontal (1)',(#4620));
#4605=PRODUCT_RELATED_PRODUCT_CATEGORY(
'D_DO-35_SOD27_P7.62mm_Horizontal (1)',
'D_DO-35_SOD27_P7.62mm_Horizontal (1)',(#4621));
#4606=PRODUCT_RELATED_PRODUCT_CATEGORY(
'D_DO-35_SOD27_P7.62mm_Horizontal (1)',
'D_DO-35_SOD27_P7.62mm_Horizontal (1)',(#4622));
#4607=PRODUCT_RELATED_PRODUCT_CATEGORY(
'D_DO-35_SOD27_P7.62mm_Horizontal (1)',
'D_DO-35_SOD27_P7.62mm_Horizontal (1)',(#4623));
#4608=PRODUCT_RELATED_PRODUCT_CATEGORY(
'D_DO-35_SOD27_P7.62mm_Horizontal (1)',
'D_DO-35_SOD27_P7.62mm_Horizontal (1)',(#4624));
#4609=PRODUCT_RELATED_PRODUCT_CATEGORY(
'D_DO-35_SOD27_P7.62mm_Horizontal (1)',
'D_DO-35_SOD27_P7.62mm_Horizontal (1)',(#4625));
#4610=PRODUCT_RELATED_PRODUCT_CATEGORY(
'D_DO-35_SOD27_P7.62mm_Horizontal (1)',
'D_DO-35_SOD27_P7.62mm_Horizontal (1)',(#4626));
#4611=PRODUCT_RELATED_PRODUCT_CATEGORY(
'D_DO-35_SOD27_P7.62mm_Horizontal (1)',
'D_DO-35_SOD27_P7.62mm_Horizontal (1)',(#4627));
#4612=PRODUCT_RELATED_PRODUCT_CATEGORY(
'D_DO-35_SOD27_P7.62mm_Horizontal (1)',
'D_DO-35_SOD27_P7.62mm_Horizontal (1)',(#4628));
#4613=PRODUCT_RELATED_PRODUCT_CATEGORY(
'D_DO-35_SOD27_P7.62mm_Horizontal','D_DO-35_SOD27_P7.62mm_Horizontal',(#4629));
#4614=PRODUCT_RELATED_PRODUCT_CATEGORY('circuitss_PCB','circuitss_PCB',
(#4630));
#4615=APPLICATION_PROTOCOL_DEFINITION('international standard',
'automotive_design',2009,#4616);
#4616=APPLICATION_CONTEXT(
'Core Data for Automotive Mechanical Design Process');
#4617=PRODUCT_CONTEXT('part definition',#4616,'mechanical');
#4618=PRODUCT('2026-06-20-14-39-24-865','bottom case (~recovered)',$,(#4617));
#4619=PRODUCT('pcb','pcb',$,(#4617));
#4620=PRODUCT('D_DO-35_SOD27_P7.62mm_Horizontal (1)',
'D_DO-35_SOD27_P7.62mm_Horizontal (1)',$,(#4617));
#4621=PRODUCT('D_DO-35_SOD27_P7.62mm_Horizontal (1)_1',
'D_DO-35_SOD27_P7.62mm_Horizontal (1)',$,(#4617));
#4622=PRODUCT('D_DO-35_SOD27_P7.62mm_Horizontal (1)_2',
'D_DO-35_SOD27_P7.62mm_Horizontal (1)',$,(#4617));
#4623=PRODUCT('D_DO-35_SOD27_P7.62mm_Horizontal (1)_3',
'D_DO-35_SOD27_P7.62mm_Horizontal (1)',$,(#4617));
#4624=PRODUCT('D_DO-35_SOD27_P7.62mm_Horizontal (1)_4',
'D_DO-35_SOD27_P7.62mm_Horizontal (1)',$,(#4617));
#4625=PRODUCT('D_DO-35_SOD27_P7.62mm_Horizontal (1)_5',
'D_DO-35_SOD27_P7.62mm_Horizontal (1)',$,(#4617));
#4626=PRODUCT('D_DO-35_SOD27_P7.62mm_Horizontal (1)_6',
'D_DO-35_SOD27_P7.62mm_Horizontal (1)',$,(#4617));
#4627=PRODUCT('D_DO-35_SOD27_P7.62mm_Horizontal (1)_7',
'D_DO-35_SOD27_P7.62mm_Horizontal (1)',$,(#4617));
#4628=PRODUCT('D_DO-35_SOD27_P7.62mm_Horizontal (1)_8',
'D_DO-35_SOD27_P7.62mm_Horizontal (1)',$,(#4617));
#4629=PRODUCT('D_DO-35_SOD27_P7.62mm_Horizontal',
'D_DO-35_SOD27_P7.62mm_Horizontal',$,(#4617));
#4630=PRODUCT('circuitss_PCB','circuitss_PCB',$,(#4617));
#4631=PRESENTATION_STYLE_ASSIGNMENT((#4633));
#4632=PRESENTATION_STYLE_ASSIGNMENT((#4634));
#4633=SURFACE_STYLE_USAGE(.BOTH.,#4635);
#4634=SURFACE_STYLE_USAGE(.BOTH.,#4636);
#4635=SURFACE_SIDE_STYLE('',(#4637));
#4636=SURFACE_SIDE_STYLE('',(#4638));
#4637=SURFACE_STYLE_FILL_AREA(#4639);
#4638=SURFACE_STYLE_FILL_AREA(#4640);
#4639=FILL_AREA_STYLE('Steel - Satin',(#4641));
#4640=FILL_AREA_STYLE('Opaque(80,124,105)',(#4642));
#4641=FILL_AREA_STYLE_COLOUR('Steel - Satin',#4643);
#4642=FILL_AREA_STYLE_COLOUR('Opaque(80,124,105)',#4644);
#4643=COLOUR_RGB('Steel - Satin',0.627450980392157,0.627450980392157,0.627450980392157);
#4644=COLOUR_RGB('Opaque(80,124,105)',0.313725490196078,0.486274509803922,
0.411764705882353);
ENDSEC;
END-ISO-10303-21;
